 pm25, pm10, o3, no2, so2, co,AQI
73,43,26,1,3,3,73
53,57,23,4,7,4,57
87,51,27,1,3,3,87
79,53,21,3,2,4,79
70,51,21,3,5,3,70
69,50,20,3,4,4,69
86,20,20,2,4,3,86
46,31,15,3,9,4,46
39,19,10,5,5,11,39
30,26,9,3,4,5,30
57, , , , , ,57
51,29,17,7,3,6,51
65,35,4,5,4,5,65
82, , , , , ,82
50, , , , , ,50
46,22,7,1,5,3,46
24,41,28,1,6,4,41
61, , , , , ,61
61,37,7,1,5,4,61
59,46,20, ,5,4,59
79,53,27,2,14,5,79
89,50,24,1,9,7,89
86, , , , , ,86
92,59,21,3,7,5,92
109,50,19,2,7,5,109
89,47,24,2,4,5,89
66,50,24,2,4,4,66
69,57,26,2,4,4,69
80,45,25,2,4,5,80
56,37,16,1,4,3,56
27,48,19,1,4,4,48
59,45,13,2,5,4,59
54,44,10,4,5,6,54
47,34,21,2,4,2,47
45,34,16,2,3,2,45
37, , , , , ,37
61,39,17,3,6,3,61
64,23,8,2,6,4,64
31,26,11,5,7,2,31
39,45,25,3,7,3,45
168,101,22,6,7,6,168
175,106,25,5,6,6,175
179,95,25,7,5,6,179
172,83,22,16,6,6,172
157, , , , , ,157
168,104,20,5,5,7,168
178,100,21,5,9,5,178
175,94,19,6,6,6,175
171,105,24,8,7,10,171
173,86,25,5,5,6,173
153,85,5,5,5,6,153
162,82,19,3,29,5,162
163,69,20,3,7,4,163
147,54,17,7,6,4,147
104,54,13,6,5,4,104
101,48,7,7,4,4,101
85,37,13,5,4,3,85
69,35,13,4,4,3,69
63,40,13,3,4,3,63
69,41,11,3,4,4,69
77,44,15,5,4,4,77
85, , , , , ,85
153,71,21,5,6,6,153
146,73,22,5,4,7,146
150,75,25,13,4,7,150
151,51,18,4,5,8,151
81,43,15,4,4,5,81
71,26,16,2,4,4,71
36,46,3,5,5,6,46
63,49,14,5,10,5,63
83,50,18,5,7,5,83
82,51,17,5,14,6,82
84,61,19,6,6,6,84
111,59,14,7,5,6,111
102,51,12,5,8,7,102
81,56,16,4,5,6,81
94,66,22,4,8,6,94
124,64,20,3,5,6,124
124,56,20,4,5,7,124
92,56,17,4,6,6,92
86,57,16,6,8,7,86
99,58,17,7,5,7,99
100,52,22,9,5,5,100
84,45,8,4,6,6,84
70,46,17,5,5,5,70
78,41,15,3,12,5,78
71,53,21,7,9,4,71
90,56,17,7,5,7,90
103,46,12,3,4,5,103
81,42,10,2,4,4,81
74,40,13,5,4,5,74
70,46,9,3,4,3,70
78,51,17,7,5,5,78
89,52,20,4,15,4,89
83,57,18,11,8,6,83
90,52,14,29,4,5,90
91,55,16,7,8,5,91
89,54,16,9,5,5,89
93,49,16,3,7,5,93
90,59,16,4,7,7,90
107,52,26,3,9,6,107
86,49,27,3,10,5,86
77,50,20,3,5,7,77
78,57,19,6,8,6,78
94,48,9,3,5,6,94
74,57,11,3,5,15,74
97,55,26,4,5,6,97
79,57,30,3,5,6,79
93,52,22,3,5,6,93
91, , , , , ,91
36,26,16,3,8,5,36
42,26,17,4,8,5,42
35,41,19,2,6,9,41
58,53,26,2,5,7,58
89,40,24,4,9,6,89
68,46,22,2,5,9,68
64,45,23,6,5,6,64
60,40,22,2,7,12,60
60,34,24,2,8,8,60
54,28,20,1,7,5,54
53,22,13,1,5,9,53
25,34,9,2,6,4,34
54,39,7,3,3,4,54
59,42,13,2,3,16,59
64,25,16,3,6,7,64
36,31,16,2,3,9,36
50,30,19,2,7,3,50
62,43,24,3,7,4,62
81,58,26,4,7,6,81
89,77,33,5,7,4,89
109,72,35,6,8,4,109
106,76,30,5,8,3,106
119,79,30,3,8,2,119
142,71,24,3,8,2,142
127,74,22,6,7,4,127
122,63,25,4,3,7,122
118,69,20,5,3,4,118
116,73,21,3,2,4,116
130,74,24,4,3,4,130
137,76,24,3,3,5,137
136,62,20,3,3,4,136
114,67,24,4,3,7,114
117,84,26,5,4,5,117
139,94,29,5,3,5,139
158,79,23,5,3,5,158
148,67,26,4,3,5,148
130,78,28,5,4,4,130
127,82,32,5,8,4,127
127,83,30,4,8,6,127
136,76,31,3,6,5,136
142,75,24,3,5,5,142
135,69,20,1,3,5,135
131,55,17,1,3,5,131
113,67,19,1,3,5,113
136,71,28,1,4,6,136
145,69,29,1,4,5,145
141,58,24,1,4,5,141
114,34,15, ,4,4,114
63,25,12,1,4,4,63
44,20,10, ,3,4,44
34,16,10, ,3,5,34
31,18,9,2,4,5,31
33,41,20,3,5,5,41
74,58,22,3,5,5,74
110,73,24,4,5,4,110
131,80,36,5,3,5,131
146,84,8,4,3,7,146
157, , , , , ,157
23,27,14,2,6,4,27
22,11,11,2,6,3,22
21,13,6,10,5,4,21
18,21,9,7,5,4,21
50,17,6,5,6,4,50
39,22,8,6,4,8,39
45,26,8,3,3,2,45
52,35,11,2,3,3,52
56,33,8,4,3,2,56
57,52,9,3,3,4,57
79,37,13,4,4,2,79
65,34,10,3,3,3,65
59,26,15,2,4,3,59
48,27,16,2,4,2,48
43,28,16,2,3,2,43
46,22,11,2,3,2,46
41,13,8,2,3,2,41
29,11,8,1,4,2,29
33,17,9,1,3,2,33
52,14,11,2,4,3,52
45,18,10,2,3,2,45
50,15,8,2,4,2,50
46,11,6,2,4,3,46
37,8,7,2,4,2,37
40,7,7,2,4,2,40
36, , , , , ,36
34,36,16,3,7,2,36
42,35,14,2,7,3,42
40,19,13,2,8,2,40
23,26,12,2,9,3,26
31,33,16,2,7,3,33
47,36,19,3,9,3,47
51,37,23,2,10,3,51
53,43,24,2,9,3,53
53,45,22,2,10,2,53
53,50,20,2,9,3,53
57,58,16,3,8,2,58
66,58,20,4,8,4,66
72,44,24,3,7,3,72
67,25,20,3,8,3,67
56,44,27,4,9,4,56
63,49,15,4,8,6,63
67,41,21,2,8,3,67
63,42,23,3,8,3,63
63,46,17,4,8,3,63
68,52,15,3,7,3,68
69,54,16,2,6,3,69
79,51,21,2,7,3,79
64,47,19,3,7,3,64
63,47,19,3,7,4,63
71,40,24,2,7,3,71
64,41,22,4,6,4,64
62,37,15,5,7,6,62
54,25,14,2,7,3,54
44,27,19,2,7,3,44
48,21,19,2,7,3,48
39,66,20,3,7,5,66
95,89,21,5,7,4,95
117,81,28,3,8,4,117
117,77,29,2,7,3,117
114,55,27,2,6,3,114
97,24,20,1,7,3,97
55,20,19,2,7,4,55
51,16,12,2,6,8,51
43,23,14,2,7,4,43
52,41,15,3,6,3,52
66,26,12,2,7,4,66
48,29,18,1,7,4,48
54, , , , , ,54
53,25,17,3,7,3,53
45,24,16,3,6,2,45
43,23,19,2,7,2,43
44,30,15,3,7,3,44
50,38,17,3,7,4,50
53,37,17,3,7,3,53
52,40,16,5,7,3,52
55,22,12,4,7,4,55
37,14,11,3,7,3,37
36, , , , , ,36
74, , , , , ,74
65,25,23,2,7,3,65
57,30,16,4,7,4,57
60,22,17,2,7,4,60
51,24,16,1,7,3,51
63,22,20,2,4,10,63
43,15,4,2,2,10,43
37,18,5,3,17,11,37
27,22,14,3,5,10,27
36,38,27,3,8,10,38
57,43,25,3,7,9,57
62,51,30,4,7,9,62
74,61,33,5,7,10,74
84,67,37,5,9,10,84
106,66,36,6,12,9,106
105,70,45,5,12,10,105
122,69,43,5,9,10,122
108,73,56,4,12,11,108
121,70,41,4,11,10,121
117,66,26,5,10,10,117
105,69,23,4,11,11,105
114,63,19,4,9,12,114
96,68,26,5,6,11,96
110,54,19,4,5,11,110
77,38,14,2,3,10,77
54,23,11,2,4,10,54
29,24,5,1,4,10,29
22,44,12,3,6,10,44
52,52,12,3,5,11,52
84,37,8,3,4,11,84
59,28,12,4,4,11,59
43,29,13,5,4,11,43
42,16,10,5,6,10,42
37,18,11,5,9,11,37
23,11,9,3,9,11,23
14,10,11,2,9,10,14
15,9,9,2,10,10,15
5,23,14,4,9,10,23
28,58,13,2,18,7,58
53,37,24,2,7,10,53
52,44,24,3,10,10,52
63,49,24,5,13,10,63
59,51,30,4,10,11,59
70,77,37,4,10,12,77
107,76,41,3,10,11,107
101,66,34,5,10,11,101
76,68,35,6,12,11,76
87,76,34,6,10,13,87
111,60,24,2,9,10,111
75,63,27,2,9,10,75
83, , , , , ,83
80,51,29,4,11,9,80
70,62,32,5,9,10,70
92,60,33,7,10,10,92
80,60,36,6,10,11,80
83,61,34,5,9,11,83
69,69,39,6,12,10,69
86,63,29,5,10,13,86
98,42,49,3,9,10,98
64,50,36,5,9,11,64
70,72,30,5,11,13,72
105,85,34,9,10,14,105
119,82,32,6,11,13,119
109,67,28,4,10,12,109
88,57,30,6,10,12,88
68,75,28,6,11,13,75
92,68,28,4,10,12,92
84,58,27,5,9,12,84
64,57,28,4,9,9,64
58,42,24,3,7,5,58
39,26,24,3,7,3,39
16,31,18,3,7,4,31
30,51,19,3,7,4,51
49,52,18,2,7,4,52
50,63,21,4,8,6,63
63,63,21,3,7,3,63
65,61,21,3,6,5,65
61,79,21,4,8,6,79
81,68,24,4,8,8,81
80,61,21,3,7,5,80
69,53,21,5,7,7,69
70,32,17,4,6,6,70
51,30,11,5,7,6,51
46,18,7,3,6,7,46
20,13,10,2,6,6,20
17,27,8,2,6,11,27
32,31,10,3,6,8,32
29,30,12,3,6,10,30
38,14,12,2,7,11,38
16,19,13,2,6,5,19
18,26,15,2,6,4,26
127, ,22,5,2,5,127
130, ,28,4,3,4,130
139,91,31,6,4,6,139
162,100,33,6,5,8,162
175,103,28,7,6,9,175
174,86,30,7,5,7,174
157,85,35,9,8,7,157
158,88,34,8,7,7,158
159,87,34,10,10,7,159
159,71,30,6,4,7,159
150,62,27,5,6,5,150
129,59,28,5,3,7,129
122,51,26,4,4,7,122
107,48,23,3,4,4,107
100,54,23,4,2,5,100
113,58,22,6,2,5,113
117,73,22,6,3,6,117
146,71,21,6,5,6,146
145,75,21,5,4,8,145
152,76,24,4,4,9,152
151,78,24,4,3,7,151
146,62,22,4,4,5,146
122,66,23,5,4,6,122
138,79,28,6,4,7,138
153,78,22,8,3,9,153
144,80,29,8,6,6,144
148,102,6,9,3,12,148
171,74,21,4, ,5,171
137,81,24,5, ,6,137
155,89,30,7,11,6,155
156,89,29,7,8,6,156
156,90,29,7,10,6,156
157,76,27,5,7,5,157
141,72,29,5,10,5,141
142,69,27,6,8,5,142
135,57,23,5,5,5,135
104,60,26,6,6,5,104
112,65,25,6,7,5,112
119,54,20,6,5,4,119
92,66,21,7,9,4,92
106,72,26,7,11,4,106
120,73,24,6,6,5,120
120,93,26,8,10,5,120
144,83,22,7,5,5,144
122,76,26,6,7,4,122
129,70,22,5,2,5,129
125,63,18,4,3,5,125
110,43,16,5,5,4,110
69,42,17,4,4,3,69
70,56,24,5,7,4,70
90,58,25,4,7,4,90
102,60,23,4,6,4,102
113,58,22,4,6,4,113
99,54,24,4,7,4,99
92,51,23,4,7,3,92
86,56,22,5,8,5,86
98,62,22,6,7,6,98
110,69,24,6,8,5,110
119,77,28,6,6,5,119
130,87,29,7,7,5,130
139,84,25,7,6,7,139
140,73,23,6,6,7,140
121,70,24,7,6,7,121
103,74,20,7,6,7,103
117,86,24,5,6,9,117
135,70,21,5,6,7,135
114,71,22,6,7,12,114
116,71,22,5,7,13,116
123,59,17,5,6,3,123
104,70,20,7,6,3,104
115,66,24,6,4,3,115
125,62,18,4,6,3,125
124,45,8,3,3,3,124
79,32,9,4,4,3,79
63,30,7,7,5,3,63
59,18,14,3,4,3,59
40,25,14,3,5,5,40
47,28,20,2,4,9,47
53,26,20,2,6,9,53
48,33,13,4,8,10,48
60,28,15,3,8,10,60
43,24,14,2,5,10,43
45,21,15,1,4,9,45
43,33,23,2,6,9,43
59,30,15,2,4,9,59
54,30,13,1,5,9,54
52,28,17,2,4,10,52
55,36,27,2,5,10,55
53, , , , , ,53
53,39,33,3,3,4,53
74,47,35,3,4,5,74
86,52,25,3,4,5,86
103,34,14,3,3,5,103
85,6,21,2,3,4,85
25,22,24,4,3,5,25
57,23,17,4,4,5,57
53,12,12,3,3,4,53
24,8,8,3,2,4,24
14,12,8,3,4,4,14
24,19,10,3,5,4,24
25,22,15,3,5,4,25
20,16,13,2,5,4,20
31,18,8,3,5,4,31
20,7,9,1,4,4,20
6, , , , , ,6
126,73,34,4,7,4,126
136,69,27,8,7,5,136
120,58,24,7,3,5,120
113,57,21,5,7,5,113
108,66,26,5,5,5,108
139,72,33,5,4,4,139
145,82,31,6,6,6,145
157,80,19,7,4,6,157
157,72,18,5,4,5,157
148,61,19,5,3,5,148
112,47,18,4,2,5,112
88,50,25,3,2,5,88
101, , , , , ,101
154,84,27,5,7,5,154
158,86,24,5,6,6,158
162,75,22,5,6,5,162
152,75,24,4,7,5,152
151,68,25,3,4,5,151
145,78,25,3,7,5,145
157,78,26,4,8,6,157
157,86,29,6,8,6,157
162,86,27,6,10,5,162
160,78,28,6,10,5,160
156,78,26,7,6,5,156
150,78,27,6,7,5,150
146,79,26,4,8,4,146
156,72,16,5,5,5,156
154,72,11,5,4,5,154
131,34,14,3,2,4,131
68,33,11,4,3,4,68
56,41,12,4,4,4,56
74,62,22,5,3,4,74
130,86,29,6,10,5,130
161,79,27,7,12,5,161
154,85,26,7,8,6,154
162,96,32,7,6,7,162
167,73,17,11,7,5,167
146,60,15,5,5,5,146
103,60,22,3,3,5,103
104,73,21,4,4,6,104
137,94,22,4,4,7,137
158,106,25,7,10,7,158
166,92,29,7,10,5,166
160,84,32,7,6,5,160
155,77,27,6,5,5,155
152,47,17,3,2,4,152
102,31,19,2,3,4,102
74,31,14,2,5,4,74
63,23,12,3,6,4,63
60,49,26,5,6,5,60
95,58,27,6,4,5,95
122,69,34,7,8,5,122
137,86,32,6,5,7,137
164,82,32,3,5,5,164
160,78,38,6,8,5,160
157,90,34,8,5,5,157
163,94,34,6,6,6,163
169,107,38,6,7,7,169
181,114,39,7,6,7,181
185,103,39,7,4,7,185
180,54,23,4,5,4,180
112,45,20,3,2,4,112
92,40,16,4,6,4,92
82,31,18,4,6,4,82
70,40,22,6,6,4,70
83,89,24,6,6,5,89
111,62,26,4,5,4,111
110, ,23,3,5,4,110
114, ,23,4,4,5,114
40,24,18,3,3,3,40
49,20,15,4,3,3,49
45,26,15,3,3,3,45
48,11,13,3,5,2,48
33,12,13,1,4,2,33
34,14,12,2,4,2,34
39,6,11,1,4,3,39
22,12,14,1,4,2,22
41,11,12,1,5,2,41
37,14,10,1,3,2,37
29, , , , , ,29
45,16,11,2,3,6,45
38,22,12,1,3,5,38
41,19,15,1,3,5,41
35,11,11,2,3,6,35
24,7,10,3,3,7,24
18,31,13,3,9,5,31
34,21,21,3,6,7,34
44,14,16,2,6,6,44
34,8,11,3,6,6,34
24,9,15,3,6,6,24
30,17,13,3,6,6,30
37,13,15,4,6,6,37
29,9,8,3,3,5,29
34,12,18,4,3,3,34
41,17,15,4,3,3,41
46,14,10,3,3,3,46
38,18,12,3,3,3,38
38,26,18,3,4,3,38
69,35,21,3,5,3,69
88,23,21,4,5,3,88
62,14,23,3,5,4,62
44,21,15,4,3,4,44
54,10,14,3,3,4,54
28,8,13,1,3,3,28
21,6,10,1,2,3,21
19,4,9,1,3,3,19
13,9,9,1,4,3,13
24,17,13,2,4,3,24
37,16,13,2,3,3,37
30,12,11,1,4,3,30
26,14,15,1,4,3,26
20,7,7,1, ,3,20
17,9,9,2, ,3,17
21,15,19,3,7,4,21
36,18,18,3,5,4,36
37,20,20,3,6,4,37
41,13,16,2,3,3,41
35,12,18,2,5,3,35
25,13,17,2,5,3,25
23,15,14,2,6,3,23
26, , , , , ,26
14,23,18,3,3,3,23
46,27,23,3,4,4,46
55,36,16,5,2,4,55
74,33,21,3,4,4,74
79,20,10,2,2,4,79
53,10,7,2,4,4,53
28,6,9,2,4,3,28
10,4,5,2,4,3,10
12,9,9,2,3,4,12
26,30,17,3,5,3,30
72,21,17,2,2,3,72
54,19,15,3,6,3,54
51,28,13,4,6,4,51
70,15,6,6,2,4,70
39,17,7,4,3,4,39
52,8,16,3,5,3,52
23,6,11,1,4,2,23
17,16,14,2,5,3,17
28,23,15,2,6,3,28
41,26,13,3,5,4,41
50,24,13,4,6,4,50
46,20,12,3,6,4,46
35,16,18,2,6,3,35
25,21,22,2,6,4,25
36,27,4,6,5,4,36
44,22,22,4,5,4,44
41,32,28,3,6,4,41
63,30,22,3,5,4,63
63,26,24,3,5,4,63
53,31,28,3,4,4,53
63,37,30,4,5,4,63
69,41,22,6,6,5,69
80,27,25,4,5,4,80
69,27,16,4,6,4,69
62,15,18,3,2,4,62
32,26,18,3,3,4,32
62,19,21,4,3,4,62
47,30,22,6,7,3,47
45,27,17,6,6,3,45
42,18,10,6,3,3,42
16,14,10,6,6,3,16
15,27,16,7,6,3,27
33,33,17,6,6,3,33
48,22,11,6,6,3,48
31,9,11,6,7,3,31
4,11,11,7, ,3,11
6,11,11,7,4,3,11
8,14,13,6,4,3,14
20,14,16,8,4,3,20
15,12,12,6,4,3,15
17,29,23,2,4,3,29
56,24,18,5,4,3,56
45,23,21,6,4,3,45
43,21,16,6,4,3,43
34,28,19,6,4,3,34
51,32,25,6,4,3,51
62,26,12,6,4,3,62
52,16,11,6,5,3,52
27,16,12,6,4,3,27
21,30,25,7,4,3,30
41,39,22,6,4,3,41
54,42,27,6,4,3,54
61,31,16,6,4,3,61
43,30,17,6,4,3,43
48,45,30,7,4,4,48
76,46,33,6,4,4,76
82,51,31,6,4,4,82
93,49,30,6,4,4,93
89,47,21,1,4,4,89
83,50,21,3,4,4,83
87,51,25,2,5,4,87
101,54,26,3,5,4,101
89,58,40,5,5,4,89
100,51,28,3,5,4,100
92,56,34,7,4,4,92
109,28,28,4,5,3,109
50,27,20,6,5,4,50
52,24,30,3,5,3,52
55,28,31,3,4,4,55
61,23,32,2,5,4,61
58,48,32,2,5,4,58
93,37,27,2,5,3,93
75,32,24,2,4,4,75
75,31,22,2,4,3,75
71,22,23,2,4,4,71
51,26,25,2,4,4,51
55,51,43,2,4,3,55
86,72,35,2,4,2,86
93,65,35,3,4,3,93
72,64,36,3,4,3,72
85,48,37,3,4,3,85
83,60,36,3,4,4,83
93,71,36,4,4,4,93
110,72,46,3,4,3,110
100,66,41,2,4,3,100
85,61,40,3,4,3,85
96,55,48,3,4,3,96
86,52,57,4,4,4,86
96,63,64,4,4,4,96
111,55,36,3,4,3,111
90,52,42,2,4,3,90
94,53,36,3,4,4,94
104,38,25,3,4,4,104
95,41,38,3,4,4,95
86,49,37,2,4,3,86
85,37,39,2,4,3,85
73,18,23,2,4,2,73
38,16,20,1,4,2,38
37,11,21,1,4,2,37
28,13,27,3,4,3,28
37,15,33,3,4,3,37
45,10,29,2,4,2,45
30,20,25,3,4,3,30
53,25,26,4,4,3,53
71,20,19,3,4,3,71
60,21,21,4,4,3,60
54,17,17,2,4,2,54
51,13,17,3,4,3,51
40,15,20,4,4,3,40
40,10,20,2,4,3,40
24,10,14,4,4,3,24
27,8,18,2,4,3,27
27,15,13,3,4,3,27
34,16,12,3,4,3,34
39,19,12,3,4,3,39
49,21,16,2,4,3,49
52,13,18,1,5,2,52
37,17,21,3,4,3,37
154,75,32,8,11,5,154
160,62,31,9,8,4,160
139,53,27,6,10,4,139
120,45,22,7,9,3,120
100,53,26,7,8,5,100
114,59,27,4,8,5,114
134,34,18,7,5,4,134
80,33,16,5,4,5,80
75,27,13,6,9,6,75
65,23,16,6,6,8,65
57,30,21,5,6,7,57
78,28,25,4,6,7,78
70,36,32,4,4,9,70
85,51,32,7,5,6,85
121,63,34,8,11,10,121
148,69,38,10,8,10,148
154,69,42,9,7,8,154
155,66,42,9,10,8,155
146,66,40,7,6,8,146
142,67,38,4,8,7,142
137,83,35,5,9,6,137
144,156,38,7,12,6,156
154, , , , , ,154
145,78,41,6,11,8,145
110,83,39,12,15,8,110
132,83,48,9,6,10,132
145,86,41,11,19,9,145
156,65,44,5,5,8,156
136,48,40,5,8,6,136
94,28,26,3,8,5,94
62,44,39,6,9,5,62
84,91,42,9,10,4,91
134,79,42,5,7,6,134
118,71,44,5,5,6,118
114,64,30,6,5,6,114
110,58,30,5,5,5,110
105,59,29,6,10,5,105
112,63,28,7,4,7,112
125,65,26,7,9,74,125
124,68,33,6,6,4,124
146,67,37,6,7,4,146
143,62,35,6,9,3,143
131,63,36,7,5,3,131
134,63,32,6,7,3,134
137,60,54,4,9,3,137
132,64,39,7,7,3,132
140,63,23,9,5,3,140
147,64,33,8,7,6,147
141,49,24,4,7,5,141
97,37,19,5,3,102,102
69,32,22,5,7,38,69
69,41,24,7,7,3,69
77,42,21,7,6,4,77
84,41,21,6,4,3,84
77,38,25,7,8,3,77
68,35,25,7,7,3,68
65,37,26,8,7,3,65
64,55,29,9,8,3,64
91,55,26,7,7,3,91
95,56,25,8,7,3,95
103,54,26,7,7,4,103
100,53,27,9,7,4,100
88,61,34,8,9,5,88
120,60,34,7,7,4,120
120,64,37,8,8,4,120
123,65,38,9,8,5,123
121,62,36,8,7,4,121
107,65,40,9,9,4,107
115,70,40,10,7,5,115
124,69,40,10,9,4,124
120,67,40,9,10,4,120
120,68,42,8,10,4,120
123,42,24,5,6,3,123
71,37,19,6,6,3,71
69,47,28,3,8,4,69
91,62,30,6,7,4,91
112,65,28,8,8,4,112
130,63,23,6,7,4,130
131,53,20,6,6,4,131
95,45,12,6,5,3,95
70,45,17,6,7,3,70
71,48,19,7,8,3,71
78,43,17,6,8,3,78
69,44,20,3,9,3,69
71,44,23,7,7,3,71
70,37,22,6,8,3,70
62,31,22,6,8,3,62
47,12,11,3,9,3,47
9,10,9,1,4,3,10
8,15,13,4,9,3,15
21,20,8,5,7,3,21
22,14,7,4,10,3,22
11,45,10,5,11,3,45
33,31,15,6,10,4,33
64,18,22,7,8,4,64
43,50,23,7,12,4,50
89,70,23,8,11,5,89
113,69,29,7,10,5,113
111,85,27,6,8,5,111
138,74,30,8,11,5,138
140,55,24,7,10,5,140
116,51,20,6,8,5,116
109,27,17,6,9,3,109
51,51,31,7,9,5,51
89,69,31,4,9,6,89
127,72,28,9,12,6,127
129,74,27,9,10,6,129
133,65,27,9,10,5,133
117,71,27,11,19,5,117
120,42,22,7,8,4,120
71,54,26,8,11,4,71
91,76,25,10,11,4,91
125,77,27,10,10,4,125
137,74,23,11,9,5,137
146,46,18,9,9,5,146
98,29,11,9,9,4,98
42,26,12,8,11,4,42
40,24,12,7,9,4,40
46,17,10,4,9,4,46
35,24,15,5,8,4,35
38,32,13,4,8,3,38
64,42,20,4,8,4,64
91,71,24,5,9,5,91
152,81,23,5,11,6,152
163,75,28,6,13,5,163
154,78,26,8,12,5,154
151,85,23,12,12,7,151
154,64,14,7,8,6,154
129,11,8,4,8,4,129
14,13,8,5,4,3,14
17,11,8,3,4,3,17
9,16,7,4,8,3,16
34,19,8,4,7,4,34
37,32,15,3,8,3,37
64,40,15,6,9,5,64
86,35,13,5,8,4,86
79,15,11,4,8,3,79
37,15,8,4,8,4,37
30,18,12,5,7,4,30
23,24,10,6,11,5,24
45,27,13,4,8,4,45
53,55,20,8,8,6,55
112,64,19,9,5,4,112
130,62,17,8,8,4,130
134,75,26,4,10,5,134
161,72,25,8,9,6,161
157,71,30,8,10,6,157
151,73,35,7,11,6,151
156,73,31,11,10,7,156
154,63,22,10,9,5,154
134,57,22,7,8,5,134
124,52,23,8,10,4,124
100,39,18,5,16,4,100
64,36,22,6,12,5,64
66,50,35,5,11,4,66
89,41,24,6,9,5,89
73,36,28,6,9,4,73
66,42,31,5,9,5,66
80,40,29,5,9,5,80
82,68,35,6,10,4,82
145,73,28,6,8,6,145
159,78,30,9,10,5,159
161,81,26,11,11,4,161
161,85,30,12,13,5,161
163,82,28,11,13,6,163
155,80,31,7,11,6,155
161,98,31,10,18,6,161
172,83,31,10,10,6,172
163,100,29,11,19,6,163
182,104,31,12,10,8,182
189,99,29,9,8,8,189
190,82,28,7,9,7,190
170,73,28,5,7,5,170
153,81,25,9,8,5,153
165,71,24,9,8,5,165
150,61,22,7,7,6,150
129,62,25,7,8,5,129
140,60,24,8,6,4,140
129,54,27,7,9,4,129
124,65,29,7,10,5,124
152,67,25,7,10,5,152
45,17,11,4,9,3,45
36,25,17,4,6,2,36
36,27,17,4,7,3,36
45,36,22,4,9,3,45
61,28,21,4,10,3,61
55,35,19,4,8,4,55
67,17,19,4,8,3,67
37,21,15,4,8,4,37
44,19,13,4,7,3,44
40,17,8,3,7,3,40
35,19,7,5,8,4,35
36,18,9,3,8,2,36
31,10,9,2,8,3,31
14,8,10,2,7,3,14
14,11,11,2,8,3,14
18,10,14,3,10,3,18
20,17,13,4,8,3,20
27,9,12,2,8,3,27
7,16,11,2,8,2,16
21,12,8,2,8,2,21
18,12,11,2,7,3,18
26,18,14,3,8,2,26
21,22,12,2,8,3,22
31,22,10,2,8,3,31
32,23,10,3,8,3,32
31,27,10,3,9,2,31
35,20,10,3,8,2,35
23,23,11,3,8,3,23
34,23,11,2,8,3,34
33,21,9,2,9,2,33
32,19,11,2,8,2,32
22,23,11,2,9,3,23
30,25,12,3,8,2,30
29,19,11,3,8,3,29
21,24,11,2,9,2,24
24,33,14,3,8,3,33
40,45,16,5,5,4,45
62,29,18,4,8,5,62
52,34,18,4,7,4,52
60,37,20,4,9,4,60
61,29,18,3,8,4,61
39,24,14,4,9,4,39
41,21,14,3,9,3,41
39,20,15,3,7,3,39
40,22,17,4,7,4,40
35,12,10,4,11,4,35
26,14,12,3,9,3,26
29,20,12,3,8,3,29
45,22,13,3,8,3,45
37,35,12,4,7,4,37
53,24,11,3,7,4,53
46,30,17,3,7,3,46
58,36,18,3,10,4,58
73,45,19,3,12,4,73
93,36,22,3,9,4,93
70,12,16,3,8,3,70
20,14,15,3,7,3,20
22,16,9,6,9,3,22
20,18,14,3,7,3,20
37,20,14,2,7,4,37
46,31,10,4,8,4,46
57,29,11,5,8,4,57
56,40,14,5,9,4,56
63,18,16,3,9,3,63
34,15,13,3,7,3,34
26,12,17,3,9,3,26
18,9,11,3,9,4,18
16,13,11,3,10,3,16
21,21,12,4,7,4,21
32,19,13,3,7,3,32
18,29,12,3,8,4,29
34,26,9,3,7,3,34
39,21,11,3,7,3,39
29,15,10,3,8,3,29
19,26,13,3,9,3,26
33,42,12,3,8,4,42
47,52,16,5,10,4,52
60,59,18,4,9,4,60
69,46,22,3,9,4,69
65,30,18,3,8,3,65
53,23,18,3,8,2,53
45,13,17,4,9,2,45
22,12,17,4,8,4,22
20,15,17,3,15,2,20
27, , , , , ,27
28,22,13,4,10,3,28
38,27,16,5,8,3,38
39,24,14,6,9,5,39
46,27,15,4,9,3,46
113,84,37,5,11,4,113
119,70,25,3,10,2,119
109,59,20,2,9,1,109
78,57,17,1,10,3,78
77,59,16,3,11,4,77
76,60,17,3,10,4,76
82,62,23,3,10,4,82
80,53,16,2,13,4,80
70,34,16,2,9,4,70
45,32,12,3,9,3,45
54,41,11,3,10,3,54
57,33,7,3,9,3,57
43,34,18,3,9,3,43
42,16,18,3,9,3,42
15,22,23,4,11,3,23
26,28,20,3,10,3,28
51,42,15,3,10,3,51
74,47,23,3,11,3,74
78,51,20,2,10,3,78
83,43,15,2,10,3,83
64,44,15,3,11,3,64
68,48,21,4,11,3,68
76,47,24,7,12,4,76
86,51,22,5,10,3,86
81,52,20,4,11,3,81
81,57,24,4,11,3,81
85,61,24,4,11,4,85
100,53,24,3,10,3,100
84,49,19,4,10,3,84
81,38,12,3,10,3,81
60,24,11,3,10,3,60
41,22,10,3,11,3,41
31,20,10,3,11,2,31
24,17,11,3,9,2,24
16,15,6,3,9,3,16
23,12,7,3,11,3,23
25,11,8,2,9,2,25
19,14,7,2,9,3,19
24,13,11,2,7,3,24
18,19,11,3,9,3,19
28,16,24,4,9,3,28
35,29,19,5,10,4,35
58,19,12,3,5,1,58
38,13,7,2,7,3,38
14,14,8,2,5,2,14
16,23,11,3,4,3,23
45,26,9,3,8,2,45
45,31,14,4,13,2,45
53,23,14,4,7,3,53
39,24,18,3,8,3,39
52,29,26,4,7,4,52
56,42,28,4,8,4,56
73,46,34,4,11,4,73
87,77,33,5,10,5,87
112,76,32,4,8,3,112
101,59,26,3,12,2,101
74,52,30,4,7,3,74
75,44,21,4,4,3,75
75,45,38,5,7,4,75
71,41,29,4,8,4,71
70,35,31,4,9,4,70
70,31,23,4,9,4,70
64,25,14,6,10,4,64
50,32,18,5,8,3,50
65,30,13,3,8,3,65
55,27,15,3,10,3,55
51,26,21,3,8,3,51
58,43,22,4,8,3,58
63,36,20,4,11,3,63
59,26,19,3,7,3,59
45,16,12,3,8,3,45
24,15,13,3,9,2,24
26,11,19,3,8,3,26
24,16,15,3,8,3,24
27,22,11,3,8,3,27
34,20,11,2,8,3,34
27,29,11,3,7,2,29
42,46,10,3,8,3,46
60,54,13,2,7,2,60
67,50,14,3,9,2,67
64,88,15,4,8,3,88
108,81,12,5,5,3,108
106,57,17,4,10,3,106
86,36,18,4,8,2,86
62,36,17,3,11,2,62
53,27,20,3,4,3,53
45,20,20,3,8,3,45
48,22,18,3,8,3,48
50,41,19,3,6,3,50
73,38,20,4,6,3,73
61,23,15,5,8,3,61
158,69,28,7,9,4,158
145,71,25,8,8,5,145
146,76,27,9,9,5,146
150,49,17,6,8,4,150
94,56,24,6,9,4,94
107,65,28,7,10,5,107
132,70,22,9,8,5,132
141,83,26,10,10,6,141
156,68,25,6,8,5,156
143,69,22,5,9,4,143
149,63,24,4,8,4,149
146,60,27,5,9,4,146
131,58,21,6,8,4,131
126,58,21,6,8,4,126
122,69,26,7,8,4,122
150,64,27,6,10,4,150
140,66,24,7,8,4,140
141,68,22,8,8,5,141
140,54,23,5,8,4,140
112,53,21,5,8,4,112
110,58,25,7,9,4,110
122,56,24,7,10,4,122
114,62,24,6,10,4,114
135,78,23,6,9,5,135
159,76,24,6,8,5,159
156,73,25,7,10,5,156
147,74,26,6,9,5,147
152,57,25,5,11,4,152
115,80,30,6,10,5,115
160,79,33,7,9,5,160
148,73,32,8,11,4,148
136,75,33,9,9,4,136
136,70,35,7,11,3,136
132,75,30,9,14,4,132
135,72,29,7,9,4,135
139,72,34,8,18,4,139
148,68,37,7,10,4,148
148,66,32,7,12,4,148
144,60,32,7,10,3,144
127,41,25,6,9,2,127
81,43,28,7,9,3,81
80,41,29,7,10,3,80
76,44,28,7,12,3,76
89,54,30,7,8,3,89
108,75,27,6,13,4,108
156,68,25,6,10,4,156
144,60,25,5,10,4,144
114,46,24,4,9,3,114
88,61,25,6,12,4,88
112,57,32,7,13,4,112
114,51,29,6,9,5,114
97,56,30,6,9,5,97
103,63,34,8,11,6,103
121,66,35,6,12,5,121
138,47,27,4,11,3,138
88,29,19,5,12,2,88
53,49,27,6,11,3,53
92,55,30,6,14,3,92
102,49,23,5,10,3,102
84,50,28,6,11,3,84
83,53,24,6,11,2,83
85,33,13,4,10,2,85
51,25,11,4,9,2,51
37,22,10,5,10,2,37
30,19,12,4,10,2,30
20,21,9,4,11,2,21
25,23,14,5,11,2,25
27,28,21,5,12,2,28
36,31,21,5,11,3,36
42,31,20,5,11,2,42
48,54,23,5,13,4,54
91,49,23,4,11,3,91
86,52,22,4,10,3,86
83,51,21,4,11,3,83
87,62,24,8,21,3,87
104,69,29,8,24,4,104
112,72,23,5,10,3,112
95,71,25,5,9,3,95
100,79,24,6,9,4,100
115,78,22,6,9,4,115
120,74,27,4,13,3,120
115,75,23,4,9,4,115
120,59,19,3,9,3,120
88,52,20,3,10,4,88
84,63,30,6,14,2,84
101,72,34,6,13,3,101
112,79,34,6,13,4,112
90,66,25,8,9,6,90
117,62,25,8,6,6,117
107,63,21,9,4,6,107
112,66,25,9,8,5,112
113,55,18,10,8,5,113
105,33,27,10,8,5,105
80,39,21,11,15,5,80
82,35,29,10,7,5,82
72,41,19,12,16,5,72
75,25,18,11,10,4,75
58,30,17,11,8,4,58
60,14,16,10,11,5,60
37,22,22,10,10,5,37
49,25,23,11,7,5,49
56,34,20,13,9,6,56
67,37,26,12,11,5,67
75,30,15,12,13,5,75
63,33,22,12,11,4,63
60,24,14,10,9,5,60
48,34,20,10,11,5,48
69,65,34,11,9,7,69
124,95,40,8,15,9,124
168,83,35,8,14,8,168
157,81,35,6,7,8,157
158,74,41,7,8,6,158
146,75,34,7,11,7,146
147,82,39,6,11,7,147
141,76,33,5,8,6,141
122,86,33,5,10,8,122
150,87,40,4,13,7,150
156,82,37,2,13,7,156
154,85,32,7,16,8,154
156,71,30,9,9,7,156
135,65,32,9,11,8,135
139,68,27,11,9,8,139
131,45,26,7,10,7,131
82,76,33,7,9,8,82
147,78,25,6,7,6,147
153,74,31,9,12,5,153
139,79,31,8,15,4,139
149,53,18,7,12,4,149
108,17,12,3,9,3,108
25,32,22,5,10,3,32
48,59,32,5,5,3,59
92,48,32,3,6,3,92
89,57,25,6,9,4,89
110,55,27,4,5,4,110
110,49,20,4,8,4,110
99,39,14,4,4,4,99
80,28,15,5,7,3,80
54,40,19,7,12,3,54
61,53,22,6,10,3,61
90,60,22,7,9,5,90
117,74,24,5,10,4,117
153,63,24,5,8,5,153
129,24,21,2,8,2,129
62,5,18,2,7,1,62
22,34,23,3,7,3,34
71,44,26,5,8,3,71
80,62,30,8,8,4,80
115,72,30,9,9,5,115
139,72,26,9,10,4,139
142,63,25,9,10,4,142
126,63,22,8,18,4,126
122,66,23,7,10,4,122
137,65,27,6,9,3,137
138,55,21,6,8,4,138
103,64,27,7,9,3,103
121,68,28,9,8,3,121
140,65,29,8,9,3,140
140,66,32,8,7,4,140
142,85,30,11,9,5,142
164,85,31,9,10,5,164
161,81,24,10,10,5,161
154,89,31,9,8,6,154
168,72,25,8,8,5,168
146,78,29,9,9,5,146
160,82,24,8,10,5,160
165,93,25,8,8,7,165
172,86,29,8,9,5,172
165,88,32,10,14,5,165
168,96,34,11,13,5,168
173,100,38,11,11,5,173
179,99,35,11,13,5,179
177,98,25,9,10,6,177
177,108,26,11,10,6,177
185,117,28,11,16,7,185
194,118,24,9,10,5,194
195,108,22,9,12,5,195
184,95,35,9,13,6,184
172,94,37,8,11,6,172
171,98,35,8,10,5,171
174,107,37,8,10,6,174
182,87,35,7,9,5,182
167,78,32,7,9,5,167
45,18,18,4,7,4,45
36,10,16,2,7,3,36
22,13,15,2,4,3,22
29,16,14,1,8,3,29
34,23,12,2,8,4,34
39,28,17,2,8,4,39
43,15,17,2,10,4,43
26,9,16,2,7,4,26
20,18,14,2,9,3,20
28,16,16,1,6,3,28
27,20,20,1,4,4,27
36,16,21,1,5,4,36
35,11,15,2,8,3,35
21,8,13,2,8,3,21
18,10,13,1,3,3,18
15,18,16,2,8,4,18
30,19,17,1,4,3,30
27,24,17,1,3,4,27
43,21,16,2,8,4,43
39,21,14,1,9,3,39
37,22,18,1,6,3,37
36,19,12,3,4,4,36
30,29,19,3,6,4,30
51,25,18,2,4,4,51
55,24,24,2,5,4,55
44,16,19,3,6,4,44
20,23,17,3,10,4,23
31,20,19,3,9,4,31
40,19,17,2,9,4,40
39,29,22,3,5,4,39
63,21,15,2,4,4,63
46,12,15,1,4,4,46
19,11,12,1,8,2,19
18,12,12,1,7,3,18
15,13,14,1,9,2,15
20,21,22,1,9,3,22
29,23,19,2,8,3,29
31,23,24,2,5,4,31
32,25,22,2,4,3,32
41,18,17,2,7,3,41
33,14,23,1,4,3,33
21,14,17,2,7,3,21
22,15,16,2,8,3,22
30,21,15,1,5,3,30
41,17,17, ,4,3,41
39,14,15,1,4,3,39
23,12,15,2,8,4,23
21,18,18,1,10,3,21
25,16,15,3,8,3,25
23,12,15,1,10,3,23
23,16,22,1,9,3,23
28,19,19,1,6,3,28
34,25,21,2,5,4,34
52,21,19,2,7,3,52
32,28,23,3,9,66,66
38,33,18,4,8,5,38
52,26,19,4,9,5,52
48,28,19,3,8, ,48
44,26,17,2,5, ,44
39,27,17,3,5, ,39
47,31,20,3,4,5,47
40,41,16,4,6,3,41
55,33,18,3,9,4,55
57,25,15,2,5,4,57
46,17,11,2,5,3,46
33,15,12,2,4,4,33
25,12,11,2,4,4,25
13,16,13,2,5,4,16
30,22,13,2,5,4,30
46,22,13,2,4,4,46
50,31,17,2,5,4,50
69,26,12,7,6,7,69
51,28,16,7,9,5,51
45,17,12,7,7,5,45
36,15,13,7,6,4,36
31,18,16,9,9,4,31
32,19,15,8,11,4,32
40,22,16,9,8,3,40
41,21,21,9,5,5,41
45,25,18,12,12,4,45
45,30,18,8,14,5,45
65,21,16,10,18,4,65
42,22,16,9,11,4,42
35,25,19,11,8,4,35
39,34,21,11,7,4,39
54,26,20,10,10,4,54
44,9,14,9,13,3,44
20,24,19,9,7,4,24
45,45,28,11,11,4,45
76,49,24,11,8,4,76
92,43,25,10,10,5,92
87,48,26,8,14,5,87
98,52,19,1,9, ,98
88,49,13,1,15, ,88
91,47,17,1,9, ,91
89,41,15,1,9, ,89
75,30,10,1,9, ,75
57,26,9,1,8, ,57
42,33,17,1,9, ,42
57,35,22,2,11,500,500
63,36,19,2,6, ,63
68,29,16,1,7, ,68
54,34,18,1,6, ,54
60,37,20,1,6, ,60
64,41,17,1,6, ,64
65,41,19,1,6, ,65
65,34,14,1,6, ,65
60,34,17,1,5, ,60
49,24,15,1,6, ,49
31,23,14,1,6, ,31
32,21,11,1,7, ,32
32,19,10,1,6, ,32
30,22,10,1,5, ,30
37,25,12,1, , ,37
42,24,13,1, , ,42
38,34,19,1, , ,38
49,27,24,2, , ,49
48,29,18,2, , ,48
55,30,18,2, , ,55
40,55,13,5, , ,55
109,43,18,2,13, ,109
84,45,20,1,9, ,84
81,44,17,1,6, ,81
73,48,18,1,5, ,73
69,48,16,1,6, ,69
69,10,5,3,9, ,69
48,38,12,1,3, ,48
59,40,15,2,3, ,59
61,37,14,1,2, ,61
58,31,14,1,3, ,58
50,38,13,2,3, ,50
52,33,11,1,7, ,52
50,33,13,1,4, ,50
50,30,10,1,3, ,50
43,32,14,2,3, ,43
50,30,17,2,4, ,50
82,58,29,6,4, ,82
99,77,32,7,6, ,99
115,73,31,4,4, ,115
81,74,27,4,6,4,81
88,57,24,1,4,4,88
69,51,22,1,3,3,69
59,49,18,1,3,3,59
59,59,157,1,3,3,157
72,54,14,1,5,4,72
76,55,6,2,3,4,76
78,56,8,2,4,4,78
69,53,9,2,7,4,69
72,50,9,2,4,4,72
65,34,5,3,4,3,65
32,36,9,3,2,4,36
50,31,9,4,5,4,50
37,31,11,4,8,4,37
31,33,17,3,7,3,33
37,40,17,2,5,3,40
42,43,19,2,5,3,43
46,45,22,4,5,3,46
48,37,23,4,10,4,48
39,22,24,6,12,4,39
38,12,19,6,11,4,38
25,11,19,4,8,4,25
21,13,18,3,5,3,21
20,23,17,3,7,4,23
45,22,15,3,7,3,45
41,28,16,7,10,4,41
46,16,15,6,8,3,46
36,26,16,5,11,5,36
43,33,18,6,8,5,43
43,40,24,3,5,4,43
58,28,16,4,6,4,58
50,45,19,5,7,5,50
63,29,21,3,10,4,63
54,33,21,4,9,5,54
56,33,19,3,9,5,56
67,18,13,3,10,4,67
41,23,18,2,6,4,41
54,26,19,3,5,5,54
60,30,24,3,9,5,60
70,31,23,4,9,5,70
68,20,16,5,4,5,68
143,55,27,5,11,6,143
117,49,21,5,13,5,117
105,35,14,8,9,5,105
74,50,22,5,7,5,74
107,52,26,4,12,5,107
109,71,29,4,11,5,109
156,60,27,4,9,5,156
139,54,25,5,9,4,139
104,65,23,9,12,5,104
137,73,23,7,11,6,137
150,78,26,7,13,6,150
159,82,30,8,18,7,159
165,79,31,5,9,7,165
165,67,27,4,11,6,165
155,60,24,4,7,5,155
135,55,21,4,9,5,135
122,46,19,3,9,5,122
93,51,19,4,10,5,93
104,50,23,7,6,5,104
91,48,24,6,6,5,91
87,55,26,6,9,5,87
109,69,28,7,11,6,109
148,71,28,6,13,6,148
150,60,31,5,11,5,150
135,54,26,6,9,5,135
108,53,31,7,11,4,108
98,52,22,6,9,4,98
97,46,17,3,8,4,97
87,52,24,5,9,4,87
94,48,24,6,11,3,94
82,38,18,4,11,3,82
68,39,18,4,5,3,68
68,43,18,5,9,4,68
77,44,20,5,7,4,77
83,42,21,5,11,4,83
79,37,16,6,7,4,79
65,34,18,4,14,3,65
59,38,18,4,12,2,59
72,54,20,7,7,5,72
110,50,20,6,8,4,110
103,59,27,5,9,4,103
124,70,29,7,14,5,124
151,72,28,11,18,5,151
147,62,24,7,19,4,147
119,77,39,10,14,6,119
146,52,26,5,7,3,146
101,49,26,6,8,3,101
87,53,25,6,10,3,87
92,57,23,6,8,3,92
116,60,27,5,12,3,116
133,51,22,4,7,3,133
100,47,23,5,13,3,100
83,54,30,6,6,6,83
107,47,26,3,8,5,107
90,42,19,4,7,5,90
75,52,25,5,17,6,75
93,56,26,5,13,7,93
109,50,26,4,14,5,109
92,52,27,4,8,4,92
103,50,27,3,9,3,103
95,53,28,5,16,4,95
111,54,16,4,11,4,111
109,50,22,5,8,4,109
101,29,14,3,9,3,101
68,28,21,2,12,3,68
64,23,13,2,9,4,64
53,21,15,3,14,3,53
42,20,15,3,8,4,42
49,19,14,3,11,3,49
42,16,14,2,10,3,42
49,23,15,2,12,3,49
49,32,14,2,6,3,49
63,40,17,3,18,4,63
75,42,17,3,9,3,75
81,42,17,3,14,4,81
82,43,21,3,14,5,82
91,33,19,3,6,5,91
67,32,21,3,10,4,67
62,26,17,2,16,4,62
55,24,14,1,14,4,55
53,40,15,1,10,3,53
81,45,16,1,12,3,81
79,35,17,1,10,3,79
61,33,17,1,8,26,61
59,40,19,1,8,8,59
75,45,22,1,10,2,75
79,47,25,1,10,2,79
78,47,23,1,9,2,78
80,50,19,1,10,3,80
87,48,26,1,11,1,87
91,54,26,1,11,6,91
69,35,18,5,9,4,69
74,40,20,5,9,6,74
83,29,12,6,6,5,83
69,31,11,4,6,3,69
61,22,18,3,6,4,61
30,20,16,3,6,3,30
30,24,14,5,6,5,30
37,48,26,5,7,6,48
94,55,26,5,7,5,94
112,33,16,5,5,4,112
63,23,17,4,5,4,63
38,22,17,4,5,4,38
52,20,18,3,5,4,52
34,23,15,5,4,5,34
39,19,13,7,5,4,39
36,21,13,5,5,5,36
44,21,18,4,3,4,44
29,24,15,4,2,3,29
30,25,16,4,4,5,30
43,32,16,4,7,6,43
58,45,21,4,8,4,58
98,35,19,5,7,5,98
65,32,18,5,5,5,65
59,26,15,6,5,5,59
45,32,25,5,6,4,45
50,36,21,4,5,5,50
62,58,33,6,5,5,62
113,73,27,9,8,5,113
145,91,27,11,13,7,145
162,97,29,10,10,7,162
168,90,32,10,7,8,168
166,87,34,8,10,7,166
164,87,37,6,9,6,164
162,63,25,5,5,5,162
129,57,27,7,5,5,129
110,56,22,9,5,7,110
106,61,28,6,6,5,106
124,68,29,7,5,7,124
134,71,31,5,7,6,134
148,75,28,6,7,8,148
153,77,23,7,9,7,153
150,58,20,6,9,6,150
116,67,26,6,10,7,116
147,79,29,5,9,6,147
163,71,32,5,8,7,163
152,66,29,6,6,5,152
143,73,28,6,8,5,143
153,78,30,6,6,6,153
161,83,33,6,10,6,161
165,85,33,6,10,9,165
163,76,27,9,11,7,163
153,67,28,6,10,6,153
136,54,26,6,9,5,136
101,66,24,5,11,6,101
139,76,21,6,4,8,139
151,66,21,6,7,5,151
139,71,26,6,10,6,139
147,80,30,6,9,7,147
161,84,28,9,17,6,161
164,89,33,10,12,7,164
168,72,30,8,11,6,168
138,52,24,5,5,4,138
100,44,22,6,9,4,100
78,57,22,10,7,5,78
110,63,25,9,8,5,110
121,55,22,8,7,5,121
107,53,22,6,9,5,107
102,54,23,5,9,4,102
109,61,25,7,10,5,109
123,62,26,7,11,5,123
124,77,26,11,5,7,124
153,74,29,7,8,6,153
149,83,28,7,9,6,149
166,82,23,8,12,7,166
161,81,30,6,6,6,161
164,75,30,5,8,5,164
159,75,29,5,7,5,159
159,81,30,6,8,7,159
162,81,27,5,11,7,162
162,63,20,6,9,5,162
131,58,21,7,9,5,131
116,67,23,6,6,6,116
138,78,31,5,9,6,138
160, , , , , ,160
51,22,12,13,6,4,51
46,30,14,13,6,4,46
54,19,12,13,6,4,54
35,20,11,11,7,4,35
39,34,13,7,9,4,39
51,37,15,7,11,3,51
56,31,13,10,8,2,56
49,29,15,10,8,2,49
46,27,23,11,9,3,46
48,23,12,11,10,2,48
43,25,18,9,11,4,43
45,32,18,1,7,3,45
60,19,16,1,7,3,60
50,21,15,4,7,2,50
45,35,16,7,7,3,45
52,47,19,8,9,3,52
71,35,19,7,6,3,71
58,37,17,5,10,4,58
71,17,18,2,6,3,71
41,20,17,1,4,4,41
53,24,14,4,7,4,53
49,22,10,5,7,3,49
48,21,11,2,4,2,48
39,23,12,10,10,2,39
43,14,10,4,6,3,43
33,28,10,1,6,4,33
47,34,9, ,6,2,47
50,24,8,4,10,4,50
43,21,10,4,7,2,43
33,24,12,1,5,3,33
41,19,12,1,6,3,41
35,12,8, ,6,3,35
30,18,9,1,5,2,30
37,17,11,1,5,2,37
37,20,11,2,12,2,37
31,13,11,2,6,2,31
28,16,10,2,5,3,28
31,18,10,3,5,2,31
31,28,13,4,5,3,31
42,34,14,3,9,3,42
51,42,18,2,7,4,51
59,40,16,2,5,2,59
63, , , , , ,63
76,41,18,3,9,4,76
76,31,18,3,14,3,76
57,29,15,4,9,3,57
62, , , , , ,62
55,40,16,5,5,4,55
57,33,16,6,6,3,57
55,21,15,6,8,3,55
41, , , , , ,41
105,53,21,3,6,5,105
89,41,17,2,4,3,89
69,35,14,2,4,4,69
53,44,22,2,6,5,53
64,52,28,1,6,4,64
71,47,25,2,5,6,71
65,31,14,1,6,4,65
51,35,18,1,5,4,51
68,33,32,1,4,4,68
59,30,23, ,6,3,59
57,38,22,1,6,4,57
60,66,27,3,5,3,66
80,43,23,2,6,2,80
56,53,14,4,8,4,56
74,63,11,9,11,5,74
78,68,12,7,7,4,78
95,49,13,5,4,4,95
67,34,16,5,6,4,67
46,33,13,5,8,2,46
38,32,16,5,10,2,38
40,59,23,8,11,4,59
69,91,17,13,7,4,91
77,49,15,7,5,3,77
62,65,17,8,6,3,65
84,62,23,8,3,4,84
84,57,20,7,7,5,84
74,41,15,6,6,3,74
57,37,15,6,6,2,57
48,48,25,8,6,3,48
60,69,25,10,12,5,69
82,77,35,12,7,7,82
104,135,44,15,8,6,135
141,104,40,9,8,4,141
122,99,38,10,7,4,122
111,91,41,8,10,5,111
129,97,32,8,6,3,129
110,100,33,11,12,7,110
132,79,47,10,14,5,132
112,80,28,8,9,5,112
123,72,23,8,8,4,123
101,84,15,17,12,7,101
114,75,19,8,11,5,114
102,74,20,9,12,4,102
113,67,24,8,11,5,113
98,70,21,8,10,4,98
115,71,22,9,12,5,115
110,67,24,7,8,3,110
100,70,28,8,11,4,100
108,62,20,8,9,5,108
94,60,12,9,8,4,94
77,65,20,7,12,5,77
94,61,17,7,6,5,94
90,65,23,7,7,4,90
102,72,26,7,9,7,102
112,72,26,7,6,4,112
112,66,26,7,6,3,112
106,61,20,7,8,4,106
103,63,22,7,7,3,103
108,62,23,11,9,4,108
97,60,24,7,7,4,97
104,72,21,10,8,6,104
109,68,26,8,7,4,109
114,59,19,8,8,3,114
92,75,25,12,8,7,92
111,65,28,8,10,3,111
102,50,21,12,13,4,102
74,48,25,10,11,4,74
71,56,26,11,8,4,71
91,55,38,9,7,4,91
80,52,27,11,8,4,80
71,42,21,10,6,2,71
49,38,17,13,6,2,49
41,29,16,14,8,4,41
40,29,16,10,7,2,40
39,56,20,8,6,2,56
60,58,21,8,4,2,60
65,54,14,12,7,4,65
75,55,18,16,6,3,75
75,58,19,12,9,3,75
70,36,15,11,9,3,70
52,36,16,12,7,4,52
63,36,18,11,7,4,63
60,31,20,10,7,3,60
48,30,20,9,8,3,48
59,31,21,13,7,5,59
65,35,15,16,8,5,65
70,28,13,11,8,3,70
46,24,15,9,9,2,46
38,20,16,9,8,2,38
34,23,21,9,8,2,34
44,22,13,13,7,3,44
161,117,21,57,21,12,161
179,137,17,66,17,11,179
197,116,19,48,7,12,197
190,120,19,42,7,11,190
190,115,18,43,5,12,190
189,130,21,47,8,13,189
186,133,16,56,16,10,186
184,141,14,57,29,8,184
172,123,15,52,4,7,172
182,119,15,46,5,8,182
187,101,15,32,5,4,187
173,96,15,25,5,5,173
170,109,18,26,6,4,170
182,113,14,27,12,8,182
185,102,16,22,2,5,185
178,110,16,26,6,7,178
183,104,14,28,12,6,183
178,109,18,27,5,6,178
178,102,16,32,7,8,178
172,93,17,28,7,4,172
168,105,16,27,6,7,168
174,81,12,22,6,4,174
145,77,12,19,5,7,145
145,53,10,17,5,6,145
99,37,9,10,3,5,99
56,43,11,12,5,3,56
82,56,9,25,7,11,82
131,65,18,25,12,10,131
140,72,23,29,12,9,140
123,91,29,32,7,12,123
165,78,28,30,6,9,165
153,87,28,38,5,12,153
158,87,33,31,8,11,158
161,87,35,27,7,12,161
159,96,32,37,6,15,159
164,94,30,33,8,9,164
164,85,26,11,5,6,164
160,71,21,7,3,5,160
147,87,21,10,7,6,147
155,97,19,7,4,4,155
148,82,23,7,4,5,148
160,83,27,11,4,5,160
156,93,29,12,4,6,156
158,88,27,15,4,7,158
153,73,26,10,3,5,153
141,54,20,6,3,4,141
97,51,16,5,6,4,97
92,59,19,7,6,4,92
99,53,16,7,4,5,99
93,55,17,6,4,4,93
89,70,23,9,3,6,89
111,76,24,11,7,5,111
105,97,24,12,4,6,105
118,83,24,10,7,4,118
118,63,21,8,6,4,118
98,47,11,5,5,3,98
72,36,15,3,4,3,72
55,43,17,5,7,4,55
69,51,23,3,5,4,69
82,46,19,3,3,3,82
75,49,14,5,2,3,75
72,47,14,4,5,3,72
70,60,21,5,7,4,70
100,81,31,7,7,5,100
130,66,26,5,5,4,130
115,46,19,3,5,4,115
58,50,19,4,6,5,58
49,43,16,3,5,2,49
42,44,17,3,6,3,44
47,68,21,6,6,3,68
82,75,22,7,4,3,82
95,87,22,10,3,3,95
109,85,21,8,5,4,109
120,73,16,6,3,3,120
114,69,20,6,3,4,114
110,55,14,5,5,4,110
73,47,19,3,4,5,73
71,44,19,3,4,5,71
79,39,21,2,3,4,79
71,46,19,5,4,4,71
75,55,21,6,4,4,75
75,43,18,3,4,3,75
62,42,14,4,6,4,62
60,45,15,4,4,4,60
68,51,20,4,5,4,68
76,57,18,5,6,4,76
83,54,18,4,3,3,83
76,51,25,4,8,4,76
85,59,22,3,8,4,85
96,57,24,3,5,5,96
141,94,17,33,17,8,141
137,101,14,42,6,9,137
161,85,16,31,6,11,161
155,88,18,32,6,11,155
161,93,17,39,6,9,161
172,94,12,40,4,12,172
179,99,10,39,5,10,179
169,99,16,42,5,7,169
173,109,16,41,5,10,173
179,108,19,34,4,12,179
179,103,17,32,4,11,179
177,94,24,28,5,10,177
166, , , , , ,166
172,90,11,22,11,8,172
155,20,7,13,5,7,155
63,18,8,12,5,4,63
43,30,8,17,19,5,43
58,57,9,30,24,11,58
89,65,12,28,14,8,89
130,63,15,25,6,10,130
145,83,16,20,5,8,145
165,94,17,30,18,11,165
170,90,18,35,9,10,170
170,80,14,31,6,9,170
161,66,12,23,4,7,161
134,86,14,31,12,8,134
159,95,16,30,13,9,159
164,100,17,34,15,11,164
171, , , , , ,171
73,46,13,6,4,4,73
76,48,14,4,3,5,76
72,48,13,3,4,6,72
78,41,10,2,2,6,78
65,59,9,4,4,6,65
90,57,14,4,11,16,90
75,59,18,4,5,4,75
68,49,15,3,5,7,68
75,49,70,4,3,3,75
80, , , , , ,80
39,24,18,2,2,5,39
30,30,20,3,2,5,30
33,22,19,1,2,3,33
28,31,22,2,3,3,31
30,25,22,1,2,4,30
34,49,17,2,4,6,49
62,27,39,1,2,3,62
39,53,14,2,11,12,53
76,43,26,1,3,5,76
66,28,8,1,2,3,66
37, , , , , ,37
74,53,27,5,3,6,74
65,58,16,4,5,8,65
73, , , , , ,73
153,94,40,18,5,7,153
162,91,39,21,4,9,162
162,91,39,20,3,6,162
162,100,33,23,12,7,162
162,95,34,16,4,6,162
162,88,32,18,3,7,162
161,88,32,14,3,6,161
161,89,34,14,3,6,161
161,93,33,20,3,5,161
161,96,30,25,12,6,161
154,98,28,25,5,6,154
138,87,30,20,5,5,138
125,84,25,15,2,5,125
119,81,25,16,3,8,119
127,72,24,13,4,7,127
117,72,21,12,3,6,117
109,81,19,15,2,8,109
125,83,27,12,7,7,125
135,52,19,8,4,5,135
79,53,18,7,2,5,79
89,78,17,5,3,5,89
158,72,16,5,3,6,158
145,72,21,5,3,6,145
142,76,27,7,5,6,142
144,81,22,11,5,6,144
132,88,22,10,19,6,132
145,71,23,6,5,5,145
119,62,20,4,4,4,119
117,69,18,5,4,4,117
139,72,18,6,4,5,139
132,76,18,7,5,4,132
108,76,19,7,8,8,108
95,76,17,7,4,5,95
100,85,15,8,5,8,100
136,63,12,6,8, ,136
90,76,12,8,9, ,90
95,79,15,8,8,6,95
109,81,22,8,8,6,109
118,71,17,9,6,6,118
107,64,17,8,3,6,107
95,59,15,7,9,12,95
86,63,14,10,5,5,86
107,65,13,10,4,6,107
89,73,14,11,4,6,89
110,61,16,8,3,6,110
107,84,17,13,4,7,107
144,79,18,9,5,7,144
151,74,19,9,3,5,151
131,62,18,5,3,6,131
115,60,12,7,3,5,115
95,63,14,9,4,6,95
81,52,11,6,4,4,81
78,53,12,4,5,4,78
79,36,11,3,3,5,79
59,62,11,7,5,5,62
128,62,16,9,4,7,128
118,60,16,6,3,5,118
111,60,12,7,2,5,111
104,70,13,6,13,16,104
129,69,12,5,7,4,129
134,70,20,6,7,5,134
126,61,15,3,4,6,126
121,58,16,2,1,5,121
102,63,16,4,3,5,102
109,56,14,4,6,4,109
89,51,14,4,6,6,89
89,45,15,3,6,6,89
82,45,16,3,8,4,82
82,48,15,3,5,5,82
86,50,15,2,4,3,86
 ,25,12,3,4,4,25
 ,33,14,1,6,4,33
 ,46,28,1,6,3,46
 ,54,21,3,8,7,54
 ,44,15,1,6,3,44
 ,91,19,49,8,6,91
 ,98,14,11,6,6,98
 ,90,13,9,13,7,90
 ,24,15,1,9,6,24
 ,15,8,3,4,3,15
 ,35,16,4,6,3,35
 ,48,11,15,8,6,48
 ,35,12,7,7,6,35
 ,28,6,1,10,6,28
 ,32,19,4,8,9,32
 ,55,30,2,9,10,55
 ,60,15,4,5,5,60
 ,84,21,7,9,5,84
 ,16,13,1,4,5,16
 ,10,13,2,1,3,13
 ,110,35,7,7,8,110
 ,13,8,3,10,1,13
 ,32,12,2,5, ,32
 ,40,19,6,5, ,40
 ,45,25,6,4, ,45
 ,66,27,5,8,6,66
 ,32,16,5,8,3,32
 ,47,16,6,5,11,47
 ,38,13,9,2,4,38
 ,93,16,37,14,9,93
 ,71,19,31,8,14,71
 ,110,17,26,11,9,110
 ,31,18,1,8,12,31
 ,69,35,2,5,5,69
 ,81,39,9,11,11,81
176,130,38,7,12,10,176
175,139,37,9,12,6,175
175,111,41,8,12,9,175
169,94,41,8,11,6,169
108,75,20,5,11,6,108
79,57,21,11,12,5,79
82,32,42,10,7,4,82
57,59,12,10,10,6,59
102,68,22,12,7,7,102
105,72,13,11,8,7,105
131, , , , , ,131
163,96,17,8,13,10,163
154, , , , , ,154
148, , , , , ,148
166,179,5,8,11,11,179
183,81,36,8,13,10,183
160, , , , , ,160
159,62,6,11,9,4,159
89,100,41,12,8,10,100
152,130,20,15,11,11,152
177,112,13,14,9,11,177
171, , , , , ,171
168,100,32,13,10,10,168
162,116,39,14,8,11,162
177,122,36,12,9,12,177
165,114,37,13,7,9,165
163,119,41,15,10,10,163
161,139,29,16,11,10,161
172,132,7,15,6,12,172
184,149,31,17,9,23,184
182,127,30,16,9,13,182
174,80,31,12,9,4,174
135,94,144,14,9,5,144
152,114,40,13,8,6,152
163, , , , , ,163
164,122,40,10,9,7,164
172,118,38,11,10,7,172
165,122,38,11,14,8,165
175,143,39,10,7,8,175
144,72,10,9,14,6,144
138,78,12,11,15,9,138
138,87,16,13,13,9,138
160,80,9,12,11,7,160
157,81,1,10,12,7,157
147,77,13,8,12,7,147
146,85,23,9,13,8,146
143,94,9,10,12,8,143
160,99,7,13,10,9,160
166,113,14,9,11,7,166
170,94,19,9,11,6,170
159,139,9,11,12,9,159
191,142, ,10,10,8,191
192,197,8,13,10,14,197
239,170,14,11,12,13,239
190,89,12,10,12,8,190
139,57,2,8,10,10,139
129,120,3,10,14,10,129
166,132,7,13,18,12,166
179,137,9,13,20,10,179
186,109,10,11,18,7,186
192,122,8,13,11,9,192
151,120,28,12,14,10,151
172,124,11,17,11,10,172
177,112,9,11,11,8,177
170,133,7,12,14,10,170
182,133,8,13,11,9,182
179,140,12,15,13,10,179
185,128,5,14,12,10,185
183,114,7,15,11,8,183
165,121,3,13,11,8,165
174,123,3,31,17,13,174
292,125, ,13,8,9,292
164,110,12,11,11,7,164
160,74,24,14,14,8,160
121,84,6,13,11,6,121
138,74,11,11,8,3,138
104,79,6,11,8,4,104
116,80,21,10,8,4,116
127,92,17,11,7,5,127
151,95,14,11,8,7,151
150,121,16,13,7,10,150
171,123,4,13,23,8,171
174,104,8,11,13,9,174
162,93,24,11,11,8,162
157,81,10,11,9,5,157
141,108,15,11,8,7,141
156,104,15,12, ,6,156
171,110,27,13,7,7,171
163,102,5,20,6,9,163
159,36,23,7,5,6,159
160,70,6,13,9,3,160
90,70,12,11,10,4,90
103,92,13,12,18,4,103
114,59,12,11,16,2,114
89,76,23,11,15,4,89
122,104,20,15,11,5,122
161,69,157,11,22,14,161
112,96,28,27,18,10,112
145,90,22,13,14,7,145
149, , , , , ,149
140,78,41,11,10,10,140
134,74,18,11,9,5,134
110,99,19,12,11,6,110
142,80,19,9,9,4,142
109,88,20,9,8,7,109
117,96,5,8,11,8,117
140,131,9,8,10,10,140
172,100,27,6,8,7,172
157,89,20,33,9,6,157
124,106,12,9,8,8,124
146, , , , , ,146
152,75,21,9,10,6,152
136,106,14,9,9,9,136
166,69,24,9,9,7,166
119,58,6,8,8,4,119
101,74,8,8,12,6,101
131,82,16,8,9,7,131
151,93,17,9,9,6,151
159,105,18,9,9,8,159
164,89,24,8,9,6,164
160,88,32,9,9,10,160
142,90,33,8,7,6,142
152,83,19,9,12,7,152
145,74,5,7,17,5,145
144,103,9,12,9,10,144
158,89,21,8,11,7,158
128,91,27,6,11,6,128
58,47,8,7,9,4,58
76,40,6,9,9,4,76
71,36,7,11,9,4,71
68,48,4,12,9,5,68
81,41,6,11,9,3,81
64,44,8,11,9,4,64
64,61,12,13,9,7,64
93,77,19,15,9,10,93
129,90,16,10,9,9,129
139,85,16,10,13,9,139
135,77,14,9,9,8,135
135,88,19,11,9,8,135
138,89,16,12,9,7,138
147,94,17,11,10,9,147
154,80,20,12,10,6,154
147,76,16,9,8,6,147
149,63,15,10,12,5,149
120,56,14,12,10,6,120
94,59,15,13,10,4,94
106,62,15,12,9,5,106
102,56,11,13,9,4,102
88,56,10,13,9,4,88
88,50,7,12,9,5,88
78,55,10,12,9,4,78
86,63,16,14,11,6,86
110,72,14,15,11,7,110
124,79,7,15,10,7,124
139,73,9,15,10,6,139
142,73,9,15,10,6,142
135,57,6,14,11,5,135
95,67,9,17,11,6,95
119,78,9,16,11,7,119
138,73,5,16,22,8,138
137,72,8,17,35,7,137
139,68,6,15,13,6,139
143,77,8,15,13,8,143
151,90,8,11,14,10,151
159,96,18,13,12,9,159
166,103,14,13,11,12,166
171,106,15,13,13,12,171
166,108, ,13,15,16,166
167, , , , , ,167
76,71,2,8,12,5,76
117, , , , , ,117
115,82,19,9,18,8,115
148,88, ,13,12,7,148
156,70,1,19,13,5,156
115,76,9,17,13,6,115
124,57,2,18,16,5,124
95,88,9,18,12,9,95
130,80,23,15,12,8,130
128,59,13,16,11,4,128
103,71,42,17,15,6,103
126,81,13,15,12,6,126
144,68,9,13,12,5,144
125,71,161,18,12,6,161
137,42,1,10,13,4,137
78, , , , , ,78
42,64,6,7,12,4,64
98,80,9,8,12,7,98
131,87,10,9,12,9,131
130,104,9,10,12,12,130
156,82,12,10,11,6,156
142, , , , , ,142
146,93,1,12,13,11,146
162,91,22,13,13,9,162
158,90,9,13,12,9,158
151,100,14,13,12,9,151
164,83,1,17,14,11,164
130,87,16,12,12,7,130
158,77,28,12,12,6,158
119,71,8,13,12,6,119
116,73,8,10,12,5,116
125,83,12,9,12,8,125
137,84,7,9,12,9,137
135,75,8,10,12,8,135
129,81,6,10,12,7,129
138,95,4,12,13,10,138
152,103,17,11,14,9,152
162,122,4,12,14,11,162
170,65,6,9,14,6,170
115,74,10,9,14,6,115
93,51,13,7,27,4,93
72,53,7,8,2,6,72
82,45,7,8,9,5,82
69,33,6,6,10,3,69
49,41,6,7,10,5,49
40,39,9,8,16,4,40
53,38,6,6,6,6,53
86,52,10,7,7,6,86
121,47,14,7,10,3,121
110,39,10,6,13,3,110
86,38,9,6,16,3,86
65,22,1,5,16,2,65
28, , , , , ,28
38,24,7,7,10,3,38
33,30,7,7,10,4,33
44,47,8,9,9,5,47
56,48,6,11,7,5,56
68,39,6,10,8,4,68
58,48,7,10,6,5,58
58,52,9,11,4,6,58
70,36,6,10,5,3,70
53,41,5,10,2,4,53
55,44,10,9,5,3,55
69,38,8,11,3,5,69
62,18,8,11,4,4,62
33,45,6,11,10,5,45
59,53,8,9,13,4,59
64,72,3,8,13,6,72
93,90,4,8,13,8,93
131,58,1,11,13,5,131
75,58,3,14,13,5,75
90,82,5,11,13,7,90
134,71,4,10,13,6,134
128,60,8,11,13,7,128
112,72,4,14,13,8,112
140,56,4,12,13,5,140
121,66,12,13,13,6,121
120,62,20,16,13,6,120
113,62,11,12,13,7,113
117,42,9,10,13,5,117
71,31,9,8,12,4,71
53,27,10,8,13,5,53
40,55,7,8,13,5,55
78,38,9,8,13,3,78
58,45,9,9,13,4,58
64,52,5,9,13,6,64
92,45,5,12,13,5,92
72,55,3,15,13,7,72
86,67,4,15,13,7,86
120,86,11,15,13,6,120
131,91,12,18,13,6,131
123,78,11,18,13,5,123
136,64,12,15,13,9,136
118,87,13,10,13,9,118
138,73,11,12,12,10,138
135,68,17,15,13,8,135
121,61,10,11,13,8,121
116,33,7,9,13,5,116
67,23,5,6,13,5,67
34,23,8,6,13,4,34
49,17,6,6,13,4,49
30,30,6,8,13,7,30
57,41,7,9,13,6,57
64,36,6,9,13,3,64
66,34,8,9,13,3,66
59,40,9,10,13,6,59
68,26,7,9,14,4,68
51,13,8,8,13,2,51
38,26,8,10,13,4,38
52,33,8,8,13,5,52
59,45,10,10,12,6,59
90,44,11,10,13,5,90
91,31,6,9,13,3,91
49,32,6,9,13,3,49
25,39,7,10,13,6,39
62,43,5,10,13,5,62
63,38,7,9,12,4,63
75,44,8,9,13,4,75
89,45,10,10,13,5,89
80,48,7,9,11,4,80
65,51,8,11,8,7,65
61,62,9,11,10,9,62
100,103,7,10,10,9,103
111,21,6,9,9,3,111
41,33,7,8,9,3,41
108,87,25,15,12,6,108
142,84,23,13,8,7,142
132,111,28,17,10,8,132
153,97,24,19,8,7,153
145,103,28,17,9,8,145
146,110,29,18,9,7,146
153,103,30,18,8,8,153
160,115,32,20,8,9,160
167,131,36,19,8,10,167
179,120,36,20,8,8,179
162,129,34,22,9,9,162
153,99,37,14,13,7,153
147,129,34, ,9,8,147
159,115,27,26,9,7,159
151,106,25,16,11,6,151
138,106,29,17,9,8,138
130,108,26,18,12,8,130
132,103,18,17,11,7,132
132,96,24,16,10,6,132
134,65,17,12,11,5,134
100,46,19,9,11,4,100
67,78,27,12,10,9,78
121,88,22,13,9,7,121
135,75,23,10,9,5,135
112,82,18,14,8,8,112
130,104,30,14,9,8,130
147,79,18,12,8,5,147
111,59,5,11,8,5,111
85,74,16,11,10,5,85
106,87,16,11,11,5,106
115,80,13,11,11,6,115
107,83,24,10,11,7,107
116,76,28,12,9,5,116
113,92,31,14,8,7,113
133,98,32,14,13,6,133
136,102,30,13,9,6,136
136,93,28,12,9,5,136
129,97,34,11,9,6,129
138,84,20,13,10,5,138
119,74,19,9,8,5,119
112,72,30,8,7,4,112
109,66,27,10,9,5,109
83,106,20,11,12,8,106
116,72,22,11,11,4,116
85,67,13,11,16,5,85
79,92,18,12,18,7,92
119, , , , , ,119
97,72,20,11,13,6,97
97,54,12,9,12,5,97
80,65,31,10,12,6,80
92,54,14,10,17,5,92
78,72,19,12,16,7,78
98,73,19,9,18,7,98
106,78,19,12,13,7,106
110,96,25,15,17,8,110
133,90,15,13,14,7,133
139,95,23,15,13,8,139
125,106,23,15,8,9,125
130,105,30,13,10,7,130
133,99,29,11,15,7,133
142,71,23,10,12,6,142
84,116,44,12,12,12,116
156,94,37,13,16,9,156
131,81,34,11,10,9,131
131,80,30,8,10,8,131
126,65,24,8,10,7,126
122,69,27,9,10,9,122
113,78,18,11,14,8,113
121,82,21,10,10,6,121
113,81,28,11,9,7,113
137,71,16,13,8,7,137
130,71,18,11,9,6,130
131,56,15,8,9,5,131
85,52,17,7,8,6,85
78,49,14,8,11,7,78
80,48,13,8,11,6,80
83,56,12,9,12,7,83
78,59,16,9,10,7,78
105,38,10,8,9,6,105
64,31,10,6,9,2,64
33,27,9,6,10,3,33
33,27,9,7,12,4,33
37,45,8,9,9,5,45
72,48,5,9,12,6,72
47,38,8,8,18,5,47
59,47,6,8,21,6,59
68,59,10,8,8,5,68
168,126,11,11,14,9,168
181,102,11,10,15,8,181
161,102,14,9,12,7,161
158,109,13,10,8,6,158
164,109,12,10,8,7,164
145,121,14,7,8,13,145
145,106,12,8,8,5,145
141,139,16,15,6,10,141
171,120,20,12,7,9,171
152,130,13,13,6,10,152
171,124,3,13,8,9,171
159, , , , , ,159
154,116,15,12,7,7,154
154,120,13,13,7,8,154
155,129,15,13,7,8,155
177,140,10,15,7,11,177
174,181,10,16,7,16,181
181,148,13,14,7,12,181
176,143,17,13,7,13,176
186,90,17,10,8,8,186
167,106,21,11,7,11,167
175,87,17,8,6,8,175
161,75,16,8,7,7,161
141,62,12,7,7,4,141
126,64,14,8,7,4,126
114,89,15,10,7,9,114
140,79,16,10,8,7,140
157,61,16,9,8,5,157
124, ,15,8,7,4,124
125, ,17,8,7,5,125
137,148,20,10,10,6,148
71,155,15,10,6,7,155
165,177,16,12,7,11,177
167,148,17,13,8,12,167
189,157,18,11,8,7,189
152,125,21,10,8,5,152
162,189,31,13,8,9,189
181,187,19,13,7,10,187
170,198,19,10,8,7,198
162,170,17,10,8,7,170
154,139,18,11,9,5,154
169,200,17,13,9,9,200
184,181,24,13,8,6,184
176,172,21,15,14,8,176
188,238,20,16,12,11,238
204,144,17,10,11,8,204
175,153,14,10,10,9,175
174,164,25,12,7,9,174
184,135,23,12,6,8,184
156,105,23,11,7,5,156
156,121,22,10,7,7,156
161,96,25,9,7,5,161
146,112,14,13,11,6,146
158,105,21,12,9,6,158
145,126,27,13,7,8,145
169,143,29,12,8,10,169
170,164,28,10,14,8,170
170,177,23,10,10,7,177
155,117,20,12,7,6,155
155,103,20,10,8,5,155
148,108,23,12,6,5,148
145,103,23,12,8,6,145
131,84,23,11,7,5,131
112,96,30,15,7,7,112
140,115,25,13,7,7,140
160,88,18,10,8,8,160
144,106,29,14,8,10,144
162,107,34,15,10,9,162
157,107,30,12,7,8,157
164,106,23,14,7,7,164
143,117,20,12,7,9,143
171,78,4,11,8,7,171
124,97,13,12,12,9,124
151,69,7,10,9,6,151
135,58,3,10,9,6,135
96,68,14,13,7,6,96
108,77,24,13,13,6,108
131,79,29,12,10,5,131
104,98,29,13,12,6,104
150,91,21,12,14,7,150
148,87,34,11,17,6,148
148,92,27,11,14,6,148
142,91,32,14,13,7,142
138,97,29,13,15,8,138
157,82,22,10,10,6,157
139,73,11,10,10,10,139
104, , , , , ,104
147,69,9,8,9,7,147
93,58,8,7,7,6,93
80,44,4,7,10,5,80
51,40,4,7,9,7,51
61,56,5,7,9,6,61
77,73,6,7,9,7,77
80,88,9,8,9,7,88
121,100,8,7,10,7,121
119,79,7,7,8,6,119
81,72,9,7,8,8,81
108,74,6,9,8,7,108
91,81,9,8,8,9,91
122,67,13,8,9,6,122
100,56,20,8,9,5,100
83,61,17,8,9,5,83
94, , , , , ,94
77,65,18,9,7,6,77
71,112,18,10,9,9,112
122,106,18,10,8,9,122
114,82,24,9,8,7,114
115,74,13,9,9,8,115
146,63,13,8,8,6,146
101,86,19,8,10,7,101
135,96,14,8,9,9,135
150,95,15,9,8,9,150
150,114,14,9,9,11,150
171,112,19,9,11,10,171
158,87,14,8,12,8,158
141,89,15,8,11,8,141
136,119,17,9,12,10,136
165,99,12,10,11,9,165
138,79,14,9,6,7,138
130,76,18,9,5,6,130
139,97,18,10,10,8,139
149,106,24,10,10,8,149
149,99,18,11,9,7,149
138,108,18,11,10,8,138
142,105,20,12,11,8,142
156,119,16,12,9,10,156
166,115,17,9,9,9,166
159,88,17,11,11,6,159
141,83,17,11,11,5,141
154,90,17,10,10,6,154
154,98,26,12,9,6,154
155,100,19,11,12,7,155
159,132,18,10,11,10,159
147,116,25,11,13,9,147
150,90,18,12,10,7,150
157,112,21,13,10,9,157
149,132,13,11,9,10,149
141,76,12,10,10,8,141
129,87,13,11,10,6,129
139,100,8,11,10,8,139
128,110,21,12,12,7,128
140,119,17,12,11,7,140
153,115,20,12,11,7,153
139,134,20,13,11,7,139
136,116,17,12,14,8,136
136,106,17,11,31,8,136
152,113,13,12,9,8,152
137,118,11,13,10,8,137
140,119,12,13,10,9,140
159,127,9,13,10,9,159
151,132,15,13,11,10,151
145,147,21,14,13,14,147
173,166,17,15,15,14,173
189,100,17,13,11,8,189
142,105,15,13,10,8,142
159,102,14,13,10,6,159
154,121,14,14,12,8,154
168,126,12,13,10,9,168
153,131,10,12,9,12,153
161,132,11,12,9,16,161
175,142,11,12,8,16,175
167,137,11,12,8,13,167
167,152,9,11,9,11,167
179,139,8,14,8,14,179
168,174,12,15,8,18,174
175,139,11,13,8,13,175
217,122,9,12,8,11,217
169,100,16,11,8,7,169
135,121,10,13,8,9,135
165,135,13,14,8,11,165
170,138,9,14,9,11,170
180,115,6,11,8,10,180
159,117,12,11,11,10,159
110,72, ,8,9, ,110
96,62, ,8,9, ,96
19,58, ,7,12, ,58
2, , , , , ,2
28,33, ,6,7, ,33
45,42, ,6,8, ,45
38,46, ,6,7, ,46
48,40, ,7,10, ,48
59,41, ,6,8, ,59
42,30, ,7,8, ,42
52,57, ,8,8, ,57
68,59, ,7,9, ,68
74, , , , , ,74
97,39,18,7,14,5,97
56,32,9,7,9,6,56
42,53,7,8,9,8,53
71,51,9,7,7,6,71
66,48,11,7,8,8,66
64,64,12,6,9,8,64
88,76,13,9,8,10,88
103,81,19,9,9,10,103
105, , , , , ,105
108,69,10,10,11,12,108
105,47,13,6,9,8,105
82,44,12,6,10,8,82
69,78,17,8,12,10,78
69,54,12,7,11,9,69
64,29,12,6,12,9,64
27,37,11,6,13,8,37
51,31,9,6,13,6,51
21,21,10,6,12,15,21
29,32,6,7,15,16,32
36,39,16,7,11,11,39
48, , , , , ,48
76,39,10,9,14,6,76
56, , , , , ,56
35, , , , , ,35
93,87,16,9,12,8,93
120,59,12,10,16,6,120
77,62,12,8,15,6,77
84,61,11,8,11,6,84
103,69,10,9,10,7,103
110,70,9,10,9,9,110
115,69,10,10,10,7,115
126,76,15,10,11,7,126
123,76,20,10,12,8,123
127,64,18,10,15,7,127
111,77,10,10,12,10,111
106,44,14,7,9,5,106
84,58,9,8,14,8,84
85,49,15,6,10,6,85
81,55,8,5,8,5,81
75,47,5,4,9,4,75
35,45,6,5,9,6,45
35,60,6,8,13,8,60
110,68,7,9,10,8,110
108,88,8,9,11,8,108
124,79,10,9,12,8,124
90,69,15,8,11,7,90
99,62,16,8,10,7,99
95,61,12,7,11,7,95
90,22,8,7,10,4,90
37,55,8,8,10,4,55
78,71,9,9,10,5,78
109,57,11,9,10,3,109
78,70,12,8,10,4,78
81,73,11,8,10,4,81
93,105,10,9,8,7,105
153,101,8,9,22,7,153
141,102,8,10,9,8,141
139,86,13,8,8,7,139
122,90,17,10,8,8,122
111,94,24,9,12,7,111
165,105, ,7,15, ,165
158,91, ,5,12, ,158
151,95, ,6,13, ,151
140,89, ,7,15, ,140
142,106, ,9,16, ,142
153,118, ,11,13, ,153
155,106, ,9,13, ,155
158,113, ,9,11, ,158
163,117, ,8,13, ,163
163,106, ,7,14, ,163
162,117, ,9,15, ,162
162,111, ,9,15, ,162
154,171, ,10,13, ,171
183,162, ,10,11, ,183
179,172, ,10,13, ,179
181,147, ,11,13, ,181
174,144, ,8,13, ,174
167,110, ,9,12, ,167
164,88, ,5,15, ,164
143,78, ,6,12, ,143
130,114, ,8,16, ,130
142,197, ,11,12, ,197
190,223, ,13,13, ,223
197,322, ,14,13, ,322
219,218, ,10,15, ,219
166,116, ,9,13, ,166
158,105, ,8,15, ,158
153,157, ,8,12, ,157
158,114, ,7,14, ,158
153,84, ,8,13, ,153
124,83, ,8,15, ,124
127,67, ,6,13, ,127
101,71, ,8,12, ,101
105,86, ,9,13, ,105
122,127, ,11,13, ,127
158,104, ,10,13, ,158
132,106, ,9,12, ,132
146,91, ,8,14, ,146
97,64, ,8,14, ,97
69,89, ,8,14, ,89
100,92, ,7,13, ,100
113,103, ,7,13, ,113
133,94, ,7,13, ,133
114, , , , , ,114
86,87, ,9,15, ,87
8, , , , , ,8
134,70, ,9,12, ,134
140,75, ,9,13, ,140
133,86, ,9,26, ,133
158,88, ,8,19, ,158
160,61, ,10,10, ,160
159,59, ,9,11, ,159
108,76, ,11,9, ,108
136,86, ,10,10, ,136
163,85, ,10,13, ,163
136,81, ,10,11, ,136
120,84, ,9,9, ,120
129,80, ,8,9, ,129
97,86, ,9,9, ,97
135,88, ,10,7, ,135
141,82, ,9,8, ,141
120,84, ,8,8, ,120
104,69, ,10,17, ,104
103,69, ,8,10, ,103
101,71, ,10,7, ,101
104,79, ,10,11, ,104
117,75, ,9,13, ,117
78,83, ,9,10, ,83
89,94, ,9,8, ,94
90,73, ,8,7, ,90
74,76, ,9,10, ,76
57,67, ,7,18, ,67
69,62, ,9,7, ,69
68,74, ,9,8, ,74
87,80, ,8,9, ,87
100,82, ,9,9, ,100
87,75, ,9,7, ,87
67,55, ,11,7, ,67
72,74, ,11,6, ,74
92,79, ,10,8, ,92
100,55, ,9,10, ,100
69,62, ,8,10, ,69
88, , , , , ,88
74,41, ,7,10, ,74
57,58, ,9,10, ,58
89,71, ,9,8, ,89
136,159, ,11,10, ,159
176,252, ,13,11, ,252
202,306, ,16,10, ,306
217,161, ,13,12, ,217
171,169, ,15,9, ,171
176,160, ,15,9, ,176
161,189, ,15,9, ,189
174,81, ,14,15, ,174
176,73, ,13,16, ,176
161,80, ,11,10, ,161
145,58, ,11,12, ,145
148,83, ,11,11, ,148
148,114, ,11,10, ,148
161,136, ,12,14, ,161
169,147, ,12,10, ,169
174,157, ,12,12, ,174
166,232, ,15,10, ,232
200,243, ,14,13, ,243
198,197, ,12,9, ,198
184,169, ,12,8, ,184
169,131, ,12,10, ,169
153,169, ,11,13, ,169
175,143, ,11,8, ,175
168,123, ,12,8, ,168
154,155, ,13,9, ,155
162,158, ,12,14, ,162
152,249, ,15,10, ,249
195,255, ,16,9, ,255
186,257, ,16,8, ,257
191,193, ,12,12, ,193
177,184, ,11,11, ,184
185,71, ,9,13, ,185
94,78, ,11,9, ,94
105, , , , , ,105
146,161, ,13,6, ,161
176,145, ,12,9, ,176
164,134, ,10,12, ,164
157,131, ,11,14, ,157
143,154, ,11,9, ,154
168,112, ,10,8, ,168
140,136, ,12,9, ,140
154,167, ,13,8, ,167
162,165, ,11,11, ,165
163,187, ,12,9, ,187
181,167, ,11,13, ,181
165,225, ,10,10, ,225
177,249, ,13,9, ,249
174,221, ,13,9, ,221
166,125, ,12,9, ,166
147,171, ,13,8, ,171
174,152, ,10,10, ,174
163,112, ,10,15, ,163
149,121, ,9,10, ,149
150,158, ,10,9, ,158
164,154, ,9,11, ,164
166,163, ,10,13, ,166
166,146, ,11,10, ,166
175,141, ,11,14, ,175
171,184, ,14,14, ,184
199,183, ,13,10, ,199
181,145, ,11,9, ,181
174,144, ,11,16, ,174
165,146, ,11,12, ,165
179,182, ,14,12, ,182
177,198, ,13,12, ,198
197,178, ,11,14, ,197
172,172, ,13,11, ,172
193,177, ,11,9, ,193
178,177, ,12,21, ,178
179,272, ,16,13, ,272
222,218, ,14,11, ,222
196,169, ,10,4, ,196
182,144, ,9,4, ,182
174,164, ,10,6, ,174
172,185, ,11,4, ,185
183,247, ,10,2, ,247
178,215, ,10,3, ,215
178,239, ,11,7, ,239
183,212, ,12,24, ,212
191,182, ,9,15, ,191
202,183, ,11,12, ,202
185,261, ,13,11, ,261
195,277, ,14,10, ,277
202,222, ,10,15, ,222
187,133, ,8,15, ,187
176,117, ,8,15, ,176
162,122, ,6,17, ,162
67,65, ,10,11, ,67
87,84, ,11,11, ,87
122,78, ,13,16, ,122
108,103, ,13,9, ,108
144,92, ,12,12, ,144
139,85, ,9,9, ,139
131,93, ,9,9, ,131
147,85, ,9,9, ,147
133,127, ,9,14, ,133
158,122, ,9,9, ,158
161,109, ,9,9, ,161
162,91, ,7,10, ,162
152,64, ,8,9, ,152
112,91, ,9,20, ,112
143,63, ,10,18, ,143
80,26, ,9,7, ,80
52,22, ,10,12, ,52
40,61, ,8,8, ,61
70,48, ,8,9, ,70
111,52, ,10,9, ,111
160,128, ,12,11, ,160
188,140, ,9,10, ,188
180,127, ,9,7, ,180
168,170, ,11,7, ,170
184,194, ,9,11, ,194
191,180, ,7,11, ,191
184, , , , , ,184
150,114, ,9,11, ,150
152,165, ,9,9, ,165
176,178, ,11,13, ,178
181,132, ,9,20, ,181
163,160, ,8,13, ,163
180,191, ,9,12, ,191
196,175, ,6,10, ,196
195,204, ,6,5, ,204
195,194, ,7,9, ,195
184,193, ,8,11, ,193
184,186, ,8,13, ,186
179,134, ,7,10, ,179
175,135, ,6,11, ,175
177,111, ,8,15, ,177
162,83, ,6,7, ,162
141,82, ,5,10, ,141
142,170, ,6,15, ,170
209,201, ,6,4, ,209
207,183, ,7,15, ,207
207,242, ,7,10, ,242
243,188, ,9,14, ,243
221,202, ,7,12, ,221
213,299, ,9,12, ,299
246,225, ,9,14, ,246
231,215, ,8,20, ,231
204,159, ,9,16, ,204
189,162, ,7,25, ,189
182,202, ,9,19, ,202
202,198, ,9,10, ,202
210,167, ,8,17, ,210
190,183, ,8,23, ,190
197,199, ,9,16, ,199
201,157, ,10,12, ,201
190,129, ,9,13, ,190
171,158, ,10,9, ,171
177,144, ,9,12, ,177
177,130, ,7,12, ,177
173,56, ,6,13, ,173
96,104, ,6,8, ,104
139,129, ,9,17, ,139
160,156, ,9,15, ,160
174,215, ,12,16, ,215
180,182, ,9,11, ,182
180,187, ,8,11, ,187
172,194, ,11,10, ,194
170,231, ,13,13, ,231
188,281, ,12,15, ,281
187,209, ,10,9, ,209
182,185, ,10,14, ,185
165,200, ,10,8, ,200
182,139, ,8,8, ,182
161,186, ,10,11, ,186
168,223, ,11,8, ,223
185,235, ,13,12, ,235
181,367, ,15,9, ,367
222,365, ,13,13, ,365
206,280, ,16,10, ,280
192,180, ,13,8, ,192
171,156, ,13,13, ,171
171,163, ,11,12, ,171
181,143, ,12,9, ,181
142,93, ,11,9, ,142
112,111, ,11,6, ,112
134,106, ,11,9, ,134
143,109, ,10,14, ,143
127,139, ,12,12, ,139
144,82, ,10,22, ,144
116,79, ,11,6, ,116
132,101, ,11,15, ,132
157,86, ,10,6, ,157
150,101, ,10,26, ,150
160,106, ,10,46, ,160
162, , , , , ,162
86,51, ,9,7, ,86
79,70, ,6,21, ,79
86,78, ,9,9, ,86
99,60, ,14,10, ,99
111,68, ,13,14, ,111
130,68, ,10,7, ,130
133,85, ,8,19, ,133
124,46, ,7,13, ,124
77,18, ,6,7, ,77
36,41, ,6,8, ,41
72,75, ,7,10, ,75
134,77, ,12,8, ,134
133,66, ,12,9, ,133
120,48, ,12,11, ,120
94,18, ,11,10, ,94
63,34, ,12,10, ,63
70,59, ,11,13, ,70
94,101, ,12,14, ,101
130,90, ,11,14, ,130
141,80, ,11,12, ,141
142,61, ,12,14, ,142
98,72, ,11,11, ,98
138,95, ,11,6, ,138
158,83, ,10,13, ,158
143,72, ,10,9, ,143
139,81, ,9,11, ,139
149,90, ,11,10, ,149
145,73, ,10,9, ,145
140,72, ,12,12, ,140
127, , , , , ,127
165,74, ,12,4, ,165
151, , , , , ,151
88,45, ,11,8, ,88
80,42, ,9,13, ,80
63,46, ,9,10, ,63
80,67, ,10,10, ,80
120,73, ,11,9, ,120
137,73, ,9,14, ,137
139,100, ,9,8, ,139
168,73, ,9,12, ,168
145,58, ,10,10, ,145
118,35, ,9,8, ,118
70,38, ,7,9, ,70
70,39, ,7,11, ,70
75,42, ,9,11, ,75
72,63, ,9,16, ,72
101,87, ,10,12, ,101
147,82, ,9,7, ,147
138,78, ,9,12, ,138
136,82, ,9,9, ,136
146,48, ,6,10, ,146
90,41, ,7,11, ,90
65,46, ,6,9, ,65
68,65, ,8,12, ,68
108,67, ,8,12, ,108
112,34, ,8,8, ,112
63,41, ,7,7, ,63
85,25, ,7,12, ,85
48,33, ,8,10, ,48
39,49, ,10,11, ,49
79,67, ,11,15, ,79
106,67, ,9,7, ,106
109,73, ,11,6, ,109
139,101, ,12,14, ,139
164,50, ,8,13, ,164
88,44, ,7,15, ,88
56,55, ,8,12, ,56
62,87, ,10,8, ,87
105,74, ,10,11, ,105
96,85, ,10,8, ,96
108,89, ,10,9, ,108
122,78, ,9,9, ,122
100,50, ,9,11, ,100
56,44, ,10,10, ,56
47,66, ,11,14, ,66
87,45, ,9,11, ,87
192,174, ,13,13, ,192
166,191, ,13,9, ,191
165,140, ,13,10, ,165
163,141, ,13,10, ,163
155,118, ,13,10, ,155
159,107, ,12,12, ,159
148,112, ,13,6, ,148
151,128, ,13,9, ,151
166,112, ,13,11, ,166
160,132, ,13,9, ,160
170,117, ,13,14, ,170
160,125, ,13,9, ,160
164,112, ,13,14, ,164
161,129, ,13,9, ,161
165,138, ,13,12, ,165
162,119, ,12,10, ,162
148,107, ,13,8, ,148
157,123, ,13,9, ,157
147,127, ,13,8, ,147
161,89, ,13,14, ,161
130,95, ,13,8, ,130
156,110, ,13,13, ,156
158,127, ,13,8, ,158
163,139, ,13,9, ,163
172,132, ,13,8, ,172
168,143, ,13,12, ,168
171,113, ,13,8, ,171
155,105, ,13,8, ,155
140,111, ,13,14, ,140
135,70, ,13,10, ,135
117,89, ,13,9, ,117
149,86, ,13,13, ,149
155,77, ,13,8, ,155
138,90, ,12,12, ,138
144,79, ,13,9, ,144
122,88, ,13,11, ,122
137,83, ,12,8, ,137
112,95, ,13,8, ,112
126,90, ,13,11, ,126
143,65, ,13,8, ,143
110,69, ,13,7, ,110
118,77, ,13,8, ,118
127,101, ,13,9, ,127
168,79, ,10,7, ,168
130,82, ,13,7, ,130
147,62, ,7,8, ,147
112,82, ,8,6, ,112
139,80, ,11,9, ,139
143,65, ,11,8, ,143
112,70, ,11,7, ,112
116,100, ,3,7, ,116
152,76, ,7,8, ,152
138,79, ,9,8, ,138
146,42, ,14,8, ,146
76,36, ,15,8, ,76
63,41, ,16,7, ,63
72,65, ,17,7, ,72
105,75, ,16,7, ,105
125,77, ,17,7, ,125
129,69, ,18,11, ,129
134,101, ,18,8, ,134
147,74, ,20,8, ,147
131,80, ,22,65, ,131
156,108, ,21,12, ,156
170,69, ,15,11, ,170
170,88, ,13,20, ,170
159,88, ,17,18, ,159
155,75, ,19,19, ,155
142,78, ,19,19, ,142
146,78, ,19,23, ,146
137,70, ,17,11, ,137
95,68, ,18,11, ,95
83,59, ,17,14, ,83
58,68, ,19,6, ,68
89,67, ,17,8, ,89
113,34, ,18,6, ,113
75,67, ,19,8, ,75
122,43, ,18,5, ,122
83,60, ,15,10, ,83
97,93, ,11,9, ,97
119,94, ,13,15, ,119
148,71, ,11,11, ,148
125,78, ,11,13, ,125
128,85, ,9,9, ,128
130,97, ,9,12, ,130
143,69, ,10,8, ,143
123,56, ,9,8, ,123
88,70, ,8,11, ,88
104,77, ,9,10, ,104
131,88, ,10,14, ,131
153,82, ,10,28, ,153
193,210, ,15,9,5,210
210,161, ,12,11, ,210
186,111, ,12,14, ,186
192,118, ,10,11, ,192
162,135, ,13,12, ,162
177,145, ,12,13, ,177
195,112, ,8,15, ,195
169,117, ,10,18, ,169
169,129, ,8,10, ,169
188,135, ,11,10, ,188
194,170, ,9,13, ,194
232,178, ,10,13, ,232
233,165, ,10,6, ,233
240,200, ,11,10, ,240
227,228, ,14,18, ,228
247,202, ,10,17, ,247
221,160, ,9,17, ,221
199,210, ,11,19, ,210
185, , , , , ,185
291,143, ,9,17, ,291
177,122, ,9,17, ,177
185,99, ,7,15, ,185
171,118, ,8,16, ,171
183,161, ,13,16, ,183
220,134, ,9,15, ,220
207,134, ,10,16, ,207
207,159, ,11,17, ,207
223, , , , , ,223
209,245, ,10,8, ,245
178,121, ,9,7, ,178
161,136, ,10,11, ,161
157,132, ,13,8, ,157
158,143, ,12,9, ,158
167,156, ,11,8, ,167
174,172, ,11,13, ,174
182,160, ,12,19, ,182
186,160, ,13,19, ,186
185,151, ,11,13, ,185
183,176, ,13,8, ,183
178,157, ,11,12, ,178
182,142, ,4,8, ,182
194,142, ,3,8, ,194
174,146, ,3,10, ,174
169,159, ,3,8, ,169
178,170, ,3,10, ,178
170,146, ,4,9, ,170
177,205, ,3,9, ,205
176,208, ,4,8, ,208
155,234, ,9,8, ,234
194,220, ,13,10, ,220
178,235, ,13,6, ,235
185,204, ,13,14, ,204
189,192, ,13,11, ,192
198,119, ,13,10, ,198
165,152, ,13,8, ,165
175,161, ,13,10, ,175
183,141, ,13,8, ,183
177,152, ,13,11, ,177
174,128, ,13,12, ,174
163,120, ,13,11, ,163
180,111, ,13,14, ,180
160,116, ,13,7, ,160
160,126, ,12,10, ,160
154,112, ,13,8, ,154
146,125, ,13,12, ,146
165,133, ,13,15, ,165
165,138, ,13,8, ,165
168,224, ,12,9, ,224
188,245, ,13,11, ,245
181,231, ,13,14, ,231
193,180, ,13,16, ,193
185,139, ,13,9, ,185
174,116, ,13,16, ,174
166,107, ,13,14, ,166
189,83, ,13,12, ,189
176,78, ,13,14, ,176
171,92, ,13,10, ,171
176,103, ,13,11, ,176
176,110, ,13,11, ,176
178,126, ,13,34, ,178
177,155, ,13,34, ,177
176,167, ,12,19, ,176
181,214, ,13,13, ,214
203,201,2,13,11, ,203
253,215,19,8,14,5,253
451,189,74,7,11,10,451
179,111,5,8,14,5,179
179,106,4,8,13,6,179
182,116,402,8,15,5,402
183,117,402,7,82,5,402
200,140,402,8,1,5,402
224,172,402,9,167,5,402
227,165,402,9,194,5,402
223,175,402,9, ,5,402
228,167,402,11,11,4,402
214,144, ,13,1, ,214
198,137, ,11,5, ,198
210,143, ,12,12, ,210
216,171, ,13,23, ,216
217,152, ,13,8, ,217
208,145, ,12,27, ,208
205,139, ,10,6, ,205
178,128, ,10,7, ,178
181,138, ,11,9, ,181
189,154, ,11,23, ,189
 ,107,6,10,9,9,107
 ,118,37,8,15,6,118
 ,98,20,10,8,7,98
 ,116,37,11,10,10,116
 ,120,38,10,11,9,120
 ,75,9,12,9,10,75
 ,91,14,9,10,6,91
 ,48,6,9,13,2,48
 ,91,13,11,12,8,91
 ,19,160,7,10,2,160
 ,88,19,13,13,10,88
 ,16,7,6,11,4,16
 ,74,23,16,8,6,74
 ,78,23,12,17,6,78
 ,111,13,12,7,7,111
 ,68,4,8,12,5,68
 ,28, ,6,10, ,28
 ,72,21,9,8,8,72
 ,84,8,8,8,12,84
 ,57,17,7,10,6,57
 ,36,12,8,10,5,36
 ,93,17,11,10,9,93
 ,92, ,8,11, ,92
 ,71, ,9,13, ,71
 ,67, ,7,12, ,67
 ,116, ,15,19, ,116
 ,114, ,8,7, ,114
 ,67, ,10,11, ,67
 ,88, ,9, , ,88
 ,49, ,10,11, ,49
 ,540, ,15, , ,540
 ,380, ,15,8, ,380
 ,215, ,9,63, ,215
 ,42, , ,7, ,42
 ,53, , ,8, ,53
 ,61, , ,7, ,61
 ,59, , ,14, ,59
 ,58, , ,8, ,58
 ,51, , ,7, ,51
 ,42, , ,8, ,42
 ,40, , ,7, ,40
 ,14, , ,7, ,14
 ,21, , ,7,7,21
 ,25, , ,11,7,25
 ,36, , ,9,9,36
 ,83, , ,11,5,83
 ,48, , ,11,7,48
 ,29, , ,7,13,29
 ,72, , ,8,8,72
 ,82, , ,7,6,82
 ,54, , ,7,6,54
 ,71, , ,7,4,71
 ,59, , ,6,10,59
 ,51, , ,7,6,51
 ,76, , ,7,11,76
 ,82, , ,8,7,82
 ,108, , , , ,108
 ,45, , ,8,6,45
 ,49, , ,15,12,49
 ,32, , ,10,14,32
 ,51, , ,9, ,51
 ,29, , ,6,3,29
 ,47, , , , ,47
 ,23, , ,7, ,23
 ,36, , ,9, ,36
 ,35, , ,9, ,35
 ,64, , ,8, ,64
 ,46, , ,7, ,46
 ,37, , ,7, ,37
 ,29, , ,8, ,29
 ,41, , ,5, ,41
 ,42, , ,8, ,42
 ,55, , ,7, ,55
 ,54, , ,8, ,54
 ,32, , , , ,32
 ,37, , ,7, ,37
 ,36, , ,7, ,36
 ,40, , ,8, ,40
 ,34, , ,7, ,34
 ,56, , ,7, ,56
 ,51, , ,7, ,51
 ,42, , ,7, ,42
 ,28, , ,7, ,28
 ,21, , ,7, ,21
 ,19, , ,7, ,19
 ,23, , ,7, ,23
 ,27, , ,8, ,27
 ,20, , ,7, ,20
 ,34, , ,7, ,34
 ,38, , ,7, ,38
 ,42, , ,6, ,42
 ,47, , ,7, ,47
 ,37, , ,8, ,37
 ,36, , ,8, ,36
 ,37, , ,6, ,37
 ,55, , ,6, ,55
 ,43, , ,6, ,43
 ,42, , , , ,42
 ,40, , ,6, ,40
 ,48, , ,7, ,48
 ,39, , ,5, ,39
 ,26, , ,6, ,26
 ,28, , ,6, ,28
 ,28, , ,6, ,28
 ,31, , ,7, ,31
 ,26, , ,6, ,26
 ,31, , ,7, ,31
 ,35, , ,7, ,35
 ,75, , ,7,6,75
 ,79, , ,6,5,79
 ,81, , ,6,5,81
 ,76, , ,6,6,76
 ,68, , ,7,5,68
 ,78, , , , ,78
 ,58, , ,6,6,58
 ,71, , ,6,8,71
 ,63, , ,7,6,63
 ,75, , ,6,7,75
 ,76, , ,6,5,76
 ,79, , ,6,5,79
 ,83, , ,5,5,83
 ,123, , ,6,5,123
 ,82, , ,6,6,82
 ,81, , ,6,5,81
 ,73, , ,6,4,73
 ,72, , ,6,5,72
 ,72, , ,6,5,72
 ,65, , ,6,6,65
 ,74, , ,15,4,74
 ,82, , ,30,3,82
 ,65, , ,6,6,65
 ,75, , ,7,5,75
 ,92, , , , ,92
 ,28, , ,12,3,28
 ,38, , ,6,2,38
 ,22, , ,9,6,22
 ,73, , ,9,4,73
 ,69, , ,16,5,69
 ,76, , ,7,7,76
 ,90, , ,8,9,90
 ,104, , ,8,5,104
 ,118, , , , ,118
 ,77, , ,12,5,77
 ,85, , ,16,8,85
 ,73, , ,6,1,73
 ,68, , ,16,7,68
 ,50, , ,11,9,50
 ,183, , ,9,12,183
 ,147, , ,16,12,147
 ,112, , , , ,112
 ,48, , ,5,6,48
 ,76, , ,6,6,76
 ,66, , ,5,5,66
 ,54, , ,8,6,54
 ,46, , ,7,6,46
 ,41, , ,5,7,41
 ,30, , ,9,3,30
 ,48, , ,8,6,48
 ,31, , ,7,4,31
 ,27, , ,6,6,27
 ,55, , ,8,14,55
 ,62, , ,6,6,62
 ,76, , ,9,5,76
 ,82, , ,11,5,82
 ,108, , ,8,5,108
 ,56, , ,5,13,56
 ,42, , ,11,6,42
 ,59, , ,10,8,59
 ,136, , ,7,9,136
 ,67, , ,6,9,67
 ,61, , ,5,7,61
 ,56, , ,8,8,56
 ,75, , ,9,13,75
 ,59, , ,5,8,59
 ,37, , ,9,6,37
 ,28, , ,9,7,28
 ,57, , ,6,8,57
 ,28, , ,8,8,28
 ,53, , ,6,7,53
 ,51, , ,6,7,51
 ,56, , ,6,11,56
 ,47, , ,7,10,47
 ,50, , ,4,6,50
 ,70, , ,3,10,70
 ,55, , ,4,15,55
 ,62, , ,3,14,62
 ,51, , ,3,6,51
 ,65, , ,3,7,65
 ,94, , ,5,11,94
 ,67, , ,6,8,67
 ,54, , ,6,10,54
 ,48, , ,6,8,48
 ,42, , ,5,9,42
 ,108, , ,4,11,108
 ,42, , ,4,10,42
 ,74, , ,5,13,74
 ,90, , ,5,8,90
 ,30, , ,4,8,30
 ,62, , ,3,11,62
 ,125, , ,4,10,125
 ,69, , ,4,10,69
 ,60, , ,3,7,60
 ,50, , ,4,13,50
 ,54, , ,4,16,54
 ,45, , ,4,12,45
 ,69, , ,4,9,69
 ,101, , ,3,6,101
 ,88, , ,4,6,88
 ,71, , ,4,5,71
 ,45, , ,25,6,45
 ,32, , ,37,5,37
 ,29, , ,4,6,29
 ,126, , ,7,8,126
 ,137, , ,6,9,137
 ,175, , ,5,5,175
 ,89, , ,7,4,89
 ,114, , ,6,7,114
 ,91, , ,6,6,91
 ,80, , ,18,5,80
 ,95, , ,26,5,95
 ,71, , , , ,71
 ,105, ,13, ,10,105
 ,83, ,15, ,6,83
 ,69, ,18, ,6,69
 ,69, ,21, ,9,69
 ,88, ,20, ,13,88
 ,113, ,26, ,10,113
 ,77, ,25, ,6,77
 ,57, ,27, ,6,57
 ,13, ,26, ,5,26
 ,21, ,27, ,5,27
 ,24, ,27, ,9,27
 ,106, ,30, ,10,106
 ,81, ,54, ,12,81
 ,97, ,55, ,15,97
 ,116, ,54, ,9,116
 ,112, ,55, ,13,112
 ,99, ,47,4,9,99
 ,90, ,36,5,12,90
 ,90, ,36,6,12,90
 ,110, ,36,5,9,110
 ,92, ,35,6,6,92
 ,75, ,35,6,11,75
 ,94, ,35,6,3,94
 ,81, ,35,5,9,81
 ,80, ,36,5,6,80
 ,79, ,36,6,5,79
 ,62, ,35,6,3,62
 ,48, ,37,5,4,48
 ,43, ,36,5,9,43
 ,58, ,27,5,6,58
 ,55, ,27,5,9,55
 ,96, ,27,6,7,96
 ,96, ,26,5,7,96
 ,91, ,29,4,8,91
 ,96, ,31,4,7,96
 ,93, ,31,5,8,93
 ,97, , ,6,10,97
 ,95, , ,5,7,95
 ,94, , ,24,5,94
 ,75, , ,30,7,75
 ,103, , ,8,10,103
 ,102, , ,6,12,102
 ,158, , ,7,11,158
 ,121, , ,3,9,121
 ,116, , ,5,1,116
 ,80, , , , ,80
 ,177, , ,5,7,177
 ,108, , ,5,10,108
 ,110, , ,26,10,110
 ,100, , ,40,14,100
 ,121, , ,2,16,121
 ,149, , , , ,149
 ,98, , ,5,5,98
 ,74, , ,5,8,74
 ,74, , ,6,8,74
 ,69, , ,7,6,69
 ,89, , ,3,5,89
 ,136, , , ,10,136
 ,96, , ,4,6,96
 ,97, , ,6,11,97
 ,123, , ,7,11,123
 ,135, , ,4,10,135
 ,133, , ,4,10,133
 ,122, , ,4,11,122
 ,121, , ,4,12,121
 ,130, , ,4,11,130
 ,124, , ,4,17,124
 ,125, , , , ,125
 ,100, , ,37,6,100
 ,88, , ,3,9,88
 ,101, , ,5,7,101
 ,52, , ,7,6,52
 ,59, , ,5,11,59
 ,100, , ,4,15,100
 ,124, , ,4,11,124
 ,132, , ,3,8,132
 ,123, , ,3,9,123
 ,111, , ,4,12,111
 ,126, , ,4,10,126
 ,115, , ,7,8,115
 ,118, , ,6,8,118
 ,109, , ,4,11,109
 ,116, , ,3,7,116
 ,137, , , , ,137
 ,90, ,27,6,6,90
 ,87, ,27,6,2,87
 ,56, ,28,6,9,56
 ,76, ,26,6,5,76
 ,84, ,27,6,8,84
 ,123, ,28,13,6,123
 ,74, ,27,29,5,74
 ,48, ,26,6,3,48
 ,97, ,27,5,5,97
 ,62, ,27,6,8,62
 ,69, ,27,7,6,69
 ,65, ,27,7,5,65
 ,59, ,27,7,4,59
 ,59, ,26,7,7,59
 ,33, ,20,8,2,33
 ,21, ,14,8,6,21
 ,51, ,13,8,10,51
 ,50, ,13,8,7,50
 ,59, ,13,8,10,59
 ,92, ,13,7,3,92
 ,31, ,13,17,3,31
 ,30, ,13,19,7,30
 ,54, ,14,7,5,54
 ,72, ,15,7,11,72
 ,89, ,15,7,4,89
 ,85, ,14,7,8,85
 ,73, ,13,7,8,73
 ,103, ,15,6,8,103
 ,71, ,14,8,7,71
 ,124, ,13,7,7,124
 ,98, ,13,6,2,98
 ,96, ,13,6,9,96
 ,66, ,13,5,7,66
 ,97, ,14,6,7,97
 ,116, ,13,6,7,116
 ,104, ,13,5,6,104
 ,78, ,13,6,4,78
 ,43, ,13,6,7,43
 ,58, ,14,6,8,58
 ,68, ,13,7,10,68
 ,91, ,17,7,6,91
 ,75, ,17,7,6,75
 ,78, ,17,26,6,78
 ,59, ,16,8,4,59
 ,42, ,15,7,3,42
 ,32, ,13,7,8,32
 ,43, ,13,8,7,43
 ,64, ,13,9,4,64
 ,73, ,13,8,4,73
 ,3, ,13,7,3,13
 ,5, ,13,8,6,13
 ,29, ,13, ,4,29
 ,13, ,12, ,6,13
 ,27, ,13, ,13,27
 ,59, ,13, ,5,59
 ,37, ,15, ,8,37
 ,49, ,18, ,7,49
 ,58, ,18, ,7,58
 ,60, ,18, ,7,60
 ,68, ,15, ,6,68
 ,63, ,13, ,6,63
 ,46, ,13, ,9,46
 ,63, ,13, ,8,63
 ,71, ,13, ,10,71
 ,76, ,13, ,4,76
 ,65, ,13, ,5,65
 ,28, ,13, ,4,28
 ,24, ,13, ,6,24
 ,43, ,13, ,4,43
 ,49, ,13, ,7,49
 ,84, ,13, ,8,84
 ,75, ,13, ,14,75
 ,70, ,13, ,7,70
 ,65, ,13, ,8,65
 ,81, ,13, ,6,81
 ,76, ,12, ,16,76
 ,90, ,13, ,3,90
 ,84, ,29,4,5,84
 ,79, ,31,8,6,79
 ,124, ,31,6,4,124
 ,116, ,30,6,5,116
 ,81,4,29,5,6,81
 ,83,6,29,5,5,83
 ,111,10,30,5,6,111
 ,105,6,31,6,8,105
 ,134,15,31,27,5,134
 ,109,19,32,6,6,109
 ,105,24,30,6,9,105
 ,124,24,30,5,6,124
 ,117,32,30,7,6,117
 ,123,30,29,6,5,123
 ,120,31,29,7,5,120
 ,200,20,29,6,5,200
 ,119,14,26,6,2,119
 ,89,17,29,6,4,89
 ,112, ,24,7,4,112
 ,121, ,27,7,4,121
 ,98, ,27,6,7,98
 ,132, , , , ,132
 ,231, , , , ,231
 ,72, ,28,5,5,72
 ,66, ,27,6,8,66
 ,119, ,27,5,6,119
 ,81, ,27,5,4,81
 ,99, ,27,6,11,99
 ,124, ,26,5,6,124
 ,102, ,28,5,5,102
 ,107, ,28,6,6,107
 ,101, ,27,5,7,101
 ,91, ,27,3,10,91
 ,124, , , , ,124
 ,99, ,27,5,7,99
 ,113, ,27,6,7,113
 ,132, ,27,6,6,132
 ,86, , , , ,86
 ,84, ,27,5,6,84
 ,105, ,27,6,5,105
 ,60, ,27,24,7,60
 ,84, ,27,31,4,84
 ,69, ,27,6,5,69
 ,90, ,27,5,6,90
 ,104, ,29,5,1,104
 ,55, ,26,6,7,55
 ,74, ,27,5,6,74
 ,100, ,27,6,10,100
 ,121, ,27,7,11,121
 ,92, ,27,7,9,92
 ,93, ,27,6,8,93
 ,79, ,26,6,8,79
 ,76, ,27,7,6,76
 ,73, ,27,6,10,73
 ,122, ,27,6,9,122
 ,125, ,37,12,9,125
 ,105, ,35,5,5,105
 ,116, , , , ,116
 ,251, ,35,6,8,251
 ,190, ,32,5,6,190
 ,182, ,32,6,10,182
 ,151, ,30,5,5,151
 ,135, ,30,6,6,135
 ,99, ,29,5,4,99
 ,76, ,29,5,4,76
 ,87, ,29,6,3,87
 ,95, ,29,6,8,95
 ,105, ,28,5,6,105
 ,94, ,29,5,7,94
 ,98, ,28,10,7,98
 ,63, ,26,6,12,63
 ,55, , , , ,55
 ,89, ,27,5,7,89
 ,120,9,15,5,8,120
 ,157,10,32,8,8,157
 ,148,9,30,7,8,148
 ,136,10,29,8,10,136
 ,164,4,28,9,17,164
 ,178, , , , ,178
 ,154,12,32,7,12,154
 ,181,13,33,7,10,181
 ,170,12,32,8,13,170
 ,232,7,30,6,14,232
 ,200,1,29,6,14,200
 ,176, , , , ,176
 ,67,13,29,7,12,67
 ,201,12,29,7,13,201
 ,186,8,31,8,12,186
 ,221,6,30,6,12,221
 ,201,12,29,7,13,201
 ,246,7,29,6,14,246
 ,203, , , , ,203
 ,135,13,32,8,12,135
 ,164,11,31,6,11,164
 ,132,11,30,6,8,132
 ,153,11,30,6,5,153
 ,147,10,28,6,12,147
 ,179,10,28,6,13,179
 ,174,12,30,6,10,174
 ,149,12,30,7,10,149
 ,167,52,31,7,12,167
 ,213,40,30,5,14,213
 ,218,9,31,8,14,218
 ,223,13,31,6,14,223
 ,217,12,31,6,13,217
 ,169,11,32,7,11,169
 ,147,10,29,7,14,147
 ,178,10,30,7,9,178
 ,142,11,31,6,9,142
 ,154,11,29,10,8,154
 ,134, ,30,6,8,134
 ,111,15,29,7,10,111
 ,119,9,29,5,7,119
 ,109,1,29,6,10,109
 ,132,10,33,6,5,132
 ,107,11,29,6,10,107
 ,135,12,31,6,11,135
 ,145,10,29,7,10,145
 ,200,12,31,7,8,200
 ,211, , , , ,211
 ,154,6,32,39,6,154
 ,169,146,30,7,11,169
 ,203,83,32,8,7,203
 ,173, ,29,2,10,173
 ,215, ,30,4,5,215
 ,158, ,30,7,4,158
 ,146, ,31,9,8,146
 ,155, ,30,8,6,155
 ,139, ,28,8,11,139
 ,169, ,27,10,7,169
 ,169, ,28,29,10,169
 ,290, ,28,7,10,290
 ,197, ,30,6,7,197
 ,129, ,28,6,5,129
 ,123, ,28,6,9,123
 ,133, ,28,6,8,133
 ,162, ,25,6,8,162
 ,169, ,27,7,10,169
 ,176, ,26,7,12,176
 ,194, ,28,6,9,194
 ,171, ,27,6,6,171
 ,188, ,27,7,9,188
 ,258, ,28,10,5,258
 ,142, ,29,10,7,142
 ,141, ,23,6,12,141
 ,184, , , , ,184
 ,176, ,24,7,12,176
 ,177, ,28,9,6,177
 ,194, , , , ,194
 ,126, ,26,8,19,126
 ,189, ,30,7,9,189
 ,155, ,28,8,6,155
 ,127, ,28,6,3,127
 ,107, ,28,5,3,107
 ,85, ,28,5,5,85
 ,67,6,14,7,4,67
 ,70,6,11,7,4,70
 ,44,8,11,8,5,44
 ,55,9,11,8,4,55
 ,71,10,10,7,10,71
 ,73,6,8,8,13,73
 ,97,8,10,6,3,97
 ,48,3,11,6,3,48
 ,74,4,5,30,7,74
 ,57,6,8,4,8,57
 ,47,5,15,4,5,47
 ,66,7,16,6,6,66
 ,24, , , , ,24
 ,65,13,15,5,19,65
 ,45,17,13,6,9,45
 ,28,12,15,8,5,28
 ,34,6,13,10,4,34
 ,11,5,12,8,3,12
 ,13,6,14,5,3,14
 ,9,6,15,6,4,15
 ,19,8,14,7,5,19
 ,33,10,13,7,5,33
 ,42,8,13,6,6,42
 ,32,10,16,6,3,32
 ,30,9,13,6,12,30
 ,35,13,14,5,4,35
 ,42,10,15,5,4,42
 ,29,2,13,5,4,29
 ,20, , , , ,20
 ,71,7, ,5,173,173
 ,72,16, ,5, ,72
 ,72,21, ,5, ,72
 ,78,2, ,5, ,78
 ,64,8, ,5, ,64
 ,97,10, ,6, ,97
 ,85,12, ,5, ,85
 ,103,11, ,5, ,103
 ,113,8,4,5, ,113
 ,101,9,6,5, ,101
 ,107,8,6,6, ,107
 ,103,10,5,5, ,103
 ,96,6,5,4, ,96
 ,84,4,8,4, ,84
 ,78,2,7,5, ,78
 ,49,3,6,5, ,49
 ,47,3,6,5, ,47
 ,69,6,7,5, ,69
 ,100,9,6,5, ,100
 ,122,9,6,5, ,122
 ,117,9,7,5, ,117
 ,122,11,7,4, ,122
 ,133,10,6,5, ,133
 ,143,10,6,5, ,143
 ,146,1,1,5, ,146
 ,216,10,8,13, ,216
 ,213,8,5,5, ,213
 ,166,10,6,4, ,166
 ,146,10,6,4, ,146
 ,159,10,7,3, ,159
 ,162,9,6,3, ,162
 ,144,8,7,4, ,144
 ,168,9,7,5, ,168
 ,143,10,7,5, ,143
 ,170,9,5,4, ,170
 ,161,10,7,4, ,161
 ,161,6,6,4, ,161
 ,158,4,7,4, ,158
 ,91,1,5,5, ,91
 ,52,6,6,5, ,52
 ,89,6,5,5, ,89
 ,138,8,4,6, ,138
 ,145,10,7,5, ,145
 ,141,7,5,39, ,141
 ,149,36,6,4, ,149
 ,133,12,10,4, ,133
 ,103,7,11,5, ,103
 ,123,10,9,5, ,123
 ,168,9,9,5, ,168
 ,156,8,5,4, ,156
 ,137,10,6,4,7,137
 ,247,2,6,5,11,247
 ,203, , , , ,203
 ,145,9,11,5,8,145
 ,136,11,8,6,7,136
 ,142,11,8,5,11,142
 ,168,10,8,5,8,168
 ,151, , ,5,10,151
 ,200,11,8,5,9,200
 ,77,13,21,6,8,77
 ,83,3,17,6,6,83
 ,145, ,25,6,4,145
 ,76,6,18,25,3,76
 ,76,13,24,20,7,76
 ,98,14,20,7,5,98
 ,122,13,19,6,3,122
 ,67,12,23,8,5,67
 ,84,11,18,8,3,84
 ,73,11,22,6,5,73
 ,60,10,21,6,5,60
 ,53,11,18,6,5,53
 ,47,13,22,6,4,47
 ,60,13,17,7,3,60
 ,52,16,18,6,3,52
 ,32,12,18,7,3,32
 ,41,16,18,6,3,41
 ,27,24,19,5,6,27
 ,42,31,22,3,4,42
 ,71,33,20,5,3,71
 ,50,33,19,5,3,50
 ,47,97,24,7,3,97
 ,70,4,17,11,2,70
 ,42,16,22,5,5,42
 ,62,12,20,4,6,62
 ,80,1,20,1,9,80
 ,127, , , , ,127
 ,88,23,21,4,6,88
 ,97,17,20,5,6,97
 ,96,13,19,7,6,96
 ,84,13,17,5,4,84
 ,60,12,16,5,5,60
 ,52,16,19,4,10,52
 ,69,12,19,4,7,69
 ,91,11,17,6,6,91
 ,75,14,14,6,3,75
 ,67,17,16,7,3,67
 ,78,12,18,4,4,78
 ,95,6,17,7,5,95
 ,191,9,18,5,7,191
 ,100,9,17,5,5,100
 ,107,11,17,5,6,107
 ,74,13,16,5,4,74
 ,68,14,15,5,5,68
 ,86,9,14,5,3,86
 ,46,10,14,5,3,46
 ,25,11,15,6,5,25
 ,48,10,16,5,7,48
 ,79,11,15,5,6,79
 ,97, ,14,4,9,97
 ,104, , , , ,104
 ,32,9,13,5,2,32
 ,19,8,12,5,5,19
 ,42,11,11,5,7,42
 ,63,9,11,4,7,63
 ,78,8,10,3,7,78
 ,117,6,8,3,5,117
 ,67,12,11,6,5,67
 ,81,6,11,5,5,81
 ,106,10,13,16,8,106
 ,79,2,4,8,6,79
 ,146, , , , ,146
 ,112,13,10,9,5,112
 ,101,13,10,6,7,101
 ,106,8,12,7,8,106
 ,130,14,7,8,6,130
 ,112,15,9,7,5,112
 ,96,7,11,6,3,96
 ,29,6,11,6,3,29
 ,28,2,12,6,4,28
 ,53,8,8,5,4,53
 ,66,5,10,5,2,66
 ,61, , , , ,61
 ,103,16,12,6,6,103
 ,101,7,10,5,7,101
 ,102,15, ,7,10,102
 ,133,13, ,6,6,133
 ,81,2, ,6,5,81
 ,78,8, ,9,4,78
 ,95, , , , ,95
 ,78,13,15,6,2,78
 ,72,12,17,5,3,72
 ,81,3,18, ,9,81
 ,92, , , , ,92
 ,154,22,31,11,7,154
 ,122,25,23,10,5,122
 ,121,19,22,6,5,121
 ,94,18,15,8,3,94
 ,87,19,16,8,2,87
 ,87,15,15,7,3,87
 ,72,20,19,7,16,72
 ,73,14,15,6,4,73
 ,82,18,19,6,13,82
 ,90,17,16,6,5,90
 ,77,19,21,6,5,77
 ,86,15,14,5,3,86
 ,80,14,17,7,3,80
 ,63, , , , ,63
 ,127,24,26,10,8,127
 ,138,21,22,4,27,138
 ,110,4,21,3,9,110
 ,96, , , , ,96
 ,71,19,24,5,16,71
 ,107,28,34,6,9,107
 ,113,22,24,9,5,113
 ,108,23,28,2,6,108
 ,99,29,22,8,5,99
 ,102,25,25,5,5,102
 ,89,23,22,6,5,89
 ,66,25,25,6,5,66
 ,74,20,20,8,4,74
 ,118,20,22,12,4,118
 ,80,19,21,11,7,80
 ,100,31,21,8,4,100
 ,113,22,20,4,5,113
 ,93,22,21,7,4,93
 ,81,20,18,5,5,81
 ,71,18,20,7,7,71
 ,122,35,24,9,6,122
 ,132,28,23,7,5,132
 ,118,29,23,9,5,118
 ,108,28,22,9,6,108
 ,117,17,21,10,8,117
 ,120,14,21,9,4,120
 ,115,23,20,8,6,115
 ,111,16,17,13,6,111
 ,74,20,17,10,5,74
 ,64,19,19,9,6,64
 ,76,24,18,5,5,76
 ,58,12,15,3,4,58
 ,52,20,27,6,9,52
 ,77,27,22,13,6,77
 ,89,28,21,4,6,89
 ,71,8,23, ,9,71
 ,93, , , , ,93
 ,109,27,19,11,4,109
 ,86,26,19,11,6,86
 ,107,19,20,9,4,107
 ,93,22,19,9,5,93
 ,97,4,15,5,3,97
 ,77, , , , ,77
 ,62,28,20,15,5,62
 ,95,29,19,6,8,95
 ,88,19,18,5,5,88
 ,74,18,17,5,6,74
 ,77,15,21,5,8,77
 ,111, , , , ,111
 ,86,13,20,9,5,86
 ,74,19,23,8,5,74
 ,83,26,21,6,5,83
 ,110,19,21,6,6,110
 ,99,20,20,7,3,99
 ,74,16,20,6,4,74
 ,46,14,16,6,3,46
 ,46,11,19,6,3,46
 ,46,10,20,6,5,46
 ,48,10,19,6,6,48
 ,52,21,26,6,9,52
 ,78, , , , ,78
 ,181, , , , ,181
 ,74,14, ,7, ,74
 ,189, , , , ,189
 ,98,37,23,7,6,98
 ,141,37,23,7,7,141
 ,163,28,29,8,11,163
 ,218,28,38,15,16,218
 ,308,33,8,6,8,308
 ,193,43,15,5,9,193
 ,169,36,21,7,13,169
 ,186,36,17,5,6,186
 ,120, , , , ,120
 ,143,40,27,8,10,143
 ,192,6,20,7,1,192
 ,169, , , , ,169
 ,197,33,24,7,12,197
 ,169,16,29,9,9,169
 ,181,14,30,8,15,181
 ,193,17,36,7,19,193
 ,219,17,43,12,37,219
 ,280,16,30,9,14,280
 ,228,15,38,9,10,228
 ,177,18,42,11,9,177
 ,146,21,40,9,9,146
 ,226,20,23,6,3,226
 ,131,20,30,6,10,131
 ,168,18,38,13,11,168
 ,277,22,49,6,6,277
 ,211,20, ,11,6,211
 ,180,19,47,34,10,180
 ,157,22,20,7,4,157
 ,152,18,31,6,5,152
 ,182,18,31,9,9,182
 ,206,15, ,10,8,206
 ,258,19, ,9,3,258
 ,211,19, ,9,7,211
 ,155,18, ,6,1,155
 ,135,23, ,9,5,135
 ,166,20, ,8,8,166
 ,180,14, ,10,10,180
 ,240,22,141,9,5,240
 ,192,15,42,10,23,192
 ,235,16,32,10,24,235
 ,324,17,29,14,4,324
 ,193,19,31,13,10,193
 ,198,21,22,8,5,198
 ,136,21,22,9,4,136
 ,143,23,25,10,6,143
 ,152,25,24,8,5,152
 ,152,12,22,9,6,152
 ,210,14,20,9,6,210
 ,130,13,18,5,8,130
 ,108,18,19,8,4,108
 ,133,18,16,7,3,133
 ,92,23,21,10,5,92
 ,82,22,23,9,7,82
 ,124,22,15,9,4,124
 ,104,25,18,9,9,104
 ,125,10,12,8,4,125
 ,110, , , , ,110
 ,104,23,18,8,5,104
 ,116,23,24,8,8,116
 ,106,15,20,15,24,106
 ,28,39,25,21,11,39
 ,64,6,10,4,5,64
 ,34,12,10,5,5,34
 ,26,52,16,16,6,52
 ,50,40,15,10,7,50
 ,35,13,13,7,13,35
 ,35,11,23,15,12,35
 ,38,13,22,16,10,38
 ,39,12,23,16,11,39
 ,44,11,23,15,11,44
 ,46,13,22,17,10,46
 ,48,12,23,17,14,48
 ,50,12,21,16,12,50
 ,49,12,22,16,9,49
 ,44,9,20,14,6,44
 ,25,10,16,12,10,25
 ,15,50,22,22,9,50
 ,31,48,24,21,8,48
 ,43,25,16,13,7,43
 ,31,25,19,14,8,31
 ,28,10,20,15,9,28
 ,25,10,20,14,9,25
 ,19,24,24,16,17,24
 ,35,43,24,26,12,43
 ,39,43,20,15,7,43
 ,54,43,19,15,12,54
 ,76,42,20,16,16,76
 ,67, , , , ,67
 ,50,20,19,15,10,50
 ,58,324,153,272,145,324
 ,501,3,20,11,10,501
 ,51,40,36,40,35,51
 ,112,5,20,14,15,112
 ,66,25,35,37,35,66
 ,106,4,20,13,15,106
 ,63,2,21,14,20,63
 ,53,3,20,15,16,53
 ,58,125,56,86,79,125
 ,178,25,30,36,39,178
 ,135,38,38,42,39,135
 ,158,31,23,17,14,158
 ,116,3,17,10,12,116
 ,204,42,151,25,38,204
 ,252,4,9,5,10,252
 ,126,2,9,5,12,126
 ,97,43,21,23,29,97
 ,180,42,21,22,26,180
 ,176,2,9,4,11,176
 ,165,32,14,10,14,165
 ,170,31,32,11,14,170
 ,168,69,24,10,8,168
 ,165,60,28,23,31,165
 ,170,59,49,14,29,170
 ,167,22,48,5,10,167
 ,157,22,1,7,8,157
 ,148,26,1,7,12,148
 ,179,20, ,5,8,179
 ,171,21, ,5,14,171
 ,174,20, ,5,20,174
 ,197,21, ,7,18,197
 ,201,23, ,6,11,201
 ,193, , , , ,193
 ,210,21, ,8,49,210
 ,205,2, ,7,38,205
 ,197,19, ,5,8,197
 ,241,44,130,11,7,241
 ,248, , , , ,248
 ,286,90,27,27,39,286
 ,207,31,36,28,19,207
 ,199, , , , ,199
 , ,3, ,78,7,78
 , ,9,32,7,10,32
 , ,11,32,5,5,32
 , ,6,29,9,15,29
 , ,9,31,41,8,41
 , ,2,9,6,11,11
 , ,5,16,5, ,16
 , ,13,11,5,7,13
 , ,8,16,7,4,16
 , ,16,23,4,5,23
 , ,9,7,5, ,9
 , ,5,15,6,4,15
 , ,12,14,10,4,14
 , ,9,10,5,8,10
 , ,21,15,5,7,21
 , ,8,11,9,6,11
 , ,19,24,20,10,24
 , ,22,24,5,12,24
 , ,86,18,10,6,86
 , ,16,17,18,7,18
 , ,37,22,7,9,37
 , ,58,23,18,10,58
 , ,5, ,4,1,5
 , ,41,16,6,3,41
 , ,31,18,7,15,31
 , ,38,37,15,20,38
 , ,24,20,9,5,24
 , ,13,21,8,5,21
 , ,21,13,10,11,21
 , ,21,16,11,3,21
 , ,11,10,5,9,11
 , ,4,22,16,13,22
 , ,9, ,6,44,44
 , ,7,28,7,10,28
 , , ,32,33, ,33
 , , ,13, ,8,13
 , , ,13,8,11,13
 , , ,14,8,8,14
 , , ,13,9,6,13
 , , ,13,7,8,13
 , , ,13,6,6,13
 , , ,13,5,6,13
 , , ,14,6,7,14
 , , ,13,7,9,13
 , , ,13,7,8,13
 , , ,13, ,5,13
 , , ,13, ,7,13
 , , ,13, ,8,13
 , , ,13, ,4,13
 , , ,13, ,6,13
 , , ,13, ,7,13
 , , ,20,13,6,20
 , , ,29,5,5,29
 , , ,26,5,6,26
 , , ,27,6,3,27
 , , ,36,7,15,36
 , , ,25,5,10,25
 , , ,23,7,10,23
 , , ,24,6,9,24
 , , , ,7, ,7
 , , , ,7, ,7
 , , , ,7, ,7
 , , , ,7, ,7
 , , , ,7, ,7
 , , , ,8, ,8
 , , , ,10, ,10
 , , , ,7, ,7
 , , , ,6, ,6
 , , , ,6, ,6
 , , , ,8, ,8
 , , , ,6, ,6
 , , , ,6, ,6
 , , , ,7, ,7
 , , , ,8, ,8
 , , , ,8, ,8
 , , , ,7, ,7
 , , , ,8, ,8
 , , , ,8, ,8
 , , , ,8, ,8
 , , , ,7, ,7
 , , , ,7, ,7
 , , , ,11,7,11
 , , , ,7, ,7
 , , , ,7, ,7
 , , , ,6, ,6
 , , , ,5,4,5
 , , , ,8,3,8
 , , , ,3,4,4
 , , , ,3,4,4
 , , , ,11,3,11
 , , , ,10,10,10
 , , , ,4,5,5
 , , , ,6,12,12
 , , , ,3,6,6
 , , , ,4,8,8
 , , , ,2,9,9
 , , , ,4,11,11
 , , , ,5,10,10
 , , , ,6,7,7
 , , , ,6,8,8
 , , , ,6,9,9
 , , , ,7,8,8
 , , , ,5,9,9
 , , , ,5,8,8
 , , , ,5,4,5
 , , , ,5,8,8
 , , , ,7,6,7
 , , , ,8,7,8
 , , , ,5,9,9
 , , , ,5,5,5
 , , , ,3,6,6
 , , , ,4,8,8
 , , , ,5,7,7
 , , , ,5,7,7
 , , , ,5,11,11
 , , , ,7,9,9
 , , , ,11,11,11
 , , , ,4,7,7
 , , , ,5,6,6
 , , , ,6,6,6
 , , , ,6,5,6
 , , , ,6,7,7
 , , , ,5,8,8
 , , , ,5,8,8
 , , , ,4,9,9
 , , , ,5,9,9
 , , , ,5,6,6
 , , , ,3,6,6
 , , , ,5,8,8
 , , , ,5,9,9
 , , , ,6,8,8
 , , , ,6,6,6
 , , , ,6,4,6
 , , , ,7,9,9
 , , , ,6,7,7
 , , , ,7,11,11
 , , , ,8,7,8
 , , , ,5,7,7
 , , , ,5,7,7
 , , , ,6,7,7
 , , , ,6,7,7
 , , , ,6,8,8
 , , , ,7,6,7
 , , , ,4,7,7
 , , , ,5,7,7
 , , , ,18,7,18
